proces,device,rw_flag,sector,size,timestamp
dmd-1151,8388608,W,93897440,1024,44186.011543
<...>-4922,8388608,W,93897440,1024,44186.012809
<...>-4922,8388608,W,93898464,1024,44186.013083
dmd-1151,8388608,W,93899488,72,44186.017137
kworker/0:0H-5,8388608,W,93899560,1024,44186.017518
dmd-1151,8388608,W,93900584,912,44186.018005
kworker/0:0H-5,8388608,W,47866368,16,44186.02139
kworker/u16:1-5374,8388608,W,47862680,8,44192.765369
kworker/u17:3-4922,8388608,W,47862680,8,44192.767704
kworker/u16:1-5374,8388608,W,93821424,216,44197.885479
kworker/u17:3-4922,8388608,W,93821424,216,44197.887302
android.io-1683,8388608,W,47862688,8,44203.336844
f2fs_ckpt-254:4-648,8388608,W,47862696,16,44203.337599
f2fs_ckpt-254:4-648,8388608,W,47862712,8,44203.338009
f2fs_ckpt-254:4-648,8388608,W,47862720,8,44203.338196
f2fs_ckpt-254:4-648,8388608,W,47862728,8,44203.338543
f2fs_ckpt-254:4-648,8388608,W,47862736,8,44203.338728
f2fs_ckpt-254:4-648,8388608,W,47862744,8,44203.339059
kworker/0:0H-5,8388608,W,26259384,64,44203.340153
kworker/0:0H-5,8388608,W,47866384,168,44203.340409
kworker/0:0H-5,8388608,W,27030616,16,44203.340508
f2fs_ckpt-254:4-648,8388608,W,18333488,8,44203.365156
kworker/u17:3-4922,8388608,W,18333488,8,44203.366422
kworker/u17:3-4922,8388608,W,18333504,16,44203.366497
kworker/u17:3-4922,8388608,W,18333544,8,44203.366515
kworker/u17:3-4922,8388608,W,18333632,8,44203.366655
kworker/u17:3-4922,8388608,W,18333736,8,44203.366673
kworker/u17:3-4922,8388608,W,18333752,8,44203.36676
kworker/u17:3-4922,8388608,W,18333880,8,44203.366779
kworker/u17:3-4922,8388608,W,18333904,8,44203.366841
kworker/u17:3-4922,8388608,W,18333928,8,44203.366859
kworker/u17:3-4922,8388608,W,18333944,16,44203.366896
kworker/u17:3-4922,8388608,W,18333968,8,44203.366925
kworker/u17:3-4922,8388608,W,18334024,8,44203.366943
kworker/u17:3-4922,8388608,W,18334048,8,44203.366958
kworker/u17:3-4922,8388608,W,18334112,8,44203.367002
kworker/u17:3-4922,8388608,W,18334128,8,44203.36702
kworker/u17:3-4922,8388608,W,18334144,8,44203.367066
kworker/u17:3-4922,8388608,W,18334168,8,44203.367087
kworker/u17:3-4922,8388608,W,18334184,16,44203.367112
kworker/u17:3-4922,8388608,W,18334216,16,44203.367149
kworker/u17:3-4922,8388608,W,18334248,8,44203.367166
kworker/u17:3-4922,8388608,W,18334272,8,44203.367202
kworker/u17:3-4922,8388608,W,18334288,8,44203.367232
kworker/u17:3-4922,8388608,W,18334312,24,44203.367263
kworker/u17:3-4922,8388608,W,18334344,8,44203.36728
kworker/u17:3-4922,8388608,W,18334368,8,44203.367298
kworker/u17:3-4922,8388608,W,18334384,8,44203.367377
kworker/u17:3-4922,8388608,W,18334400,8,44203.367407
kworker/u17:3-4922,8388608,W,18334416,24,44203.367435
kworker/u17:3-4922,8388608,W,18334456,32,44203.367463
kworker/u17:3-4922,8388608,W,18334496,8,44203.36749
kworker/u17:3-4922,8388608,W,18334560,8,44203.367514
kworker/u17:3-4922,8388608,W,18334576,8,44203.367545
kworker/u17:3-4922,8388608,W,18334592,8,44203.367584
kworker/0:0H-5,8388608,W,18334624,8,44203.367795
kworker/0:0H-5,8388608,W,18334640,8,44203.368094
kworker/0:0H-5,8388608,W,18334664,8,44203.369105
kworker/0:0H-5,8388608,W,18334680,8,44203.36916
kworker/0:0H-5,8388608,W,18334696,8,44203.369176
kworker/0:0H-5,8388608,W,18334728,16,44203.369254
kworker/0:0H-5,8388608,W,18334752,8,44203.369274
kworker/0:0H-5,8388608,W,18334768,16,44203.369395
kworker/0:0H-5,8388608,W,18334792,8,44203.369414
kworker/0:0H-5,8388608,W,18334816,40,44203.369433
kworker/0:0H-5,8388608,W,18334864,16,44203.369536
kworker/0:0H-5,8388608,W,18334888,8,44203.369552
kworker/0:0H-5,8388608,W,18334912,8,44203.369567
f2fs_ckpt-254:4-648,8388608,W,18334944,8,44203.370881
f2fs_ckpt-254:4-648,8388608,W,18334968,8,44203.370951
f2fs_ckpt-254:4-648,8388608,W,18334992,8,44203.370999
f2fs_ckpt-254:4-648,8388608,W,18335016,8,44203.37102
f2fs_ckpt-254:4-648,8388608,W,18335056,8,44203.371042
f2fs_ckpt-254:4-648,8388608,W,18336104,8,44203.371068
f2fs_ckpt-254:4-648,8388608,W,18336136,8,44203.371092
f2fs_ckpt-254:4-648,8388608,W,18336304,8,44203.371114
f2fs_ckpt-254:4-648,8388608,W,18336520,8,44203.371138
f2fs_ckpt-254:4-648,8388608,W,18336728,8,44203.371164
f2fs_ckpt-254:4-648,8388608,W,18337832,16,44203.371187
f2fs_ckpt-254:4-648,8388608,W,18337880,8,44203.371209
f2fs_ckpt-254:4-648,8388608,W,18337904,8,44203.371222
f2fs_ckpt-254:4-648,8388608,W,18338048,8,44203.371252
f2fs_ckpt-254:4-648,8388608,W,18338064,8,44203.371269
f2fs_ckpt-254:4-648,8388608,W,18338184,8,44203.371309
f2fs_ckpt-254:4-648,8388608,W,18338216,8,44203.371324
f2fs_ckpt-254:4-648,8388608,W,18338240,8,44203.371395
f2fs_ckpt-254:4-648,8388608,W,18338256,8,44203.37141
f2fs_ckpt-254:4-648,8388608,W,18338272,8,44203.371451
f2fs_ckpt-254:4-648,8388608,W,18345784,8,44203.371466
f2fs_ckpt-254:4-648,8388608,W,18345808,24,44203.371482
f2fs_ckpt-254:4-648,8388608,W,18345976,8,44203.371498
f2fs_ckpt-254:4-648,8388608,W,18346016,8,44203.371539
f2fs_ckpt-254:4-648,8388608,W,18346048,8,44203.371553
f2fs_ckpt-254:4-648,8388608,W,18346144,24,44203.371572
f2fs_ckpt-254:4-648,8388608,W,18346176,16,44203.371605
f2fs_ckpt-254:4-648,8388608,W,18346264,8,44203.371627
f2fs_ckpt-254:4-648,8388608,W,18346344,16,44203.371643
f2fs_ckpt-254:4-648,8388608,W,18346368,8,44203.371657
f2fs_ckpt-254:4-648,8388608,W,18346384,16,44203.371686
kworker/0:0H-5,8388608,W,18346408,8,44203.372465
f2fs_ckpt-254:4-648,8388608,W,18346424,8,44203.37467
kworker/0:0H-5,8388608,W,18346448,8,44203.37493
kworker/0:0H-5,8388608,W,18346464,8,44203.375191
kworker/0:0H-5,8388608,W,18346488,16,44203.375209
kworker/0:0H-5,8388608,W,18346520,16,44203.375287
kworker/0:0H-5,8388608,W,18346552,8,44203.375303
kworker/0:0H-5,8388608,W,18346568,8,44203.375409
kworker/0:0H-5,8388608,W,18346584,16,44203.375426
kworker/0:0H-5,8388608,W,18346664,8,44203.375621
kworker/0:0H-5,8388608,W,18346680,8,44203.375642
kworker/0:0H-5,8388608,W,18346696,8,44203.375715
kworker/0:0H-5,8388608,W,18346728,16,44203.375731
kworker/0:0H-5,8388608,W,18346776,8,44203.375789
kworker/0:0H-5,8388608,W,18346792,8,44203.375806
kworker/0:0H-5,8388608,W,18346808,8,44203.37587
kworker/0:0H-5,8388608,W,18346824,16,44203.375888
kworker/0:0H-5,8388608,W,18346856,8,44203.375903
kworker/0:0H-5,8388608,W,18346888,8,44203.375918
kworker/0:0H-5,8388608,W,18346904,8,44203.376075
kworker/0:0H-5,8388608,W,18346936,16,44203.376093
kworker/0:0H-5,8388608,W,18346960,8,44203.376162
kworker/0:0H-5,8388608,W,18346976,8,44203.37618
kworker/0:0H-5,8388608,W,18346992,8,44203.376243
kworker/0:0H-5,8388608,W,18347008,8,44203.376261
kworker/0:0H-5,8388608,W,18347032,8,44203.37632
kworker/0:0H-5,8388608,W,18347048,8,44203.376339
kworker/0:0H-5,8388608,W,18347072,8,44203.376399
kworker/0:0H-5,8388608,W,18347096,8,44203.376418
kworker/0:0H-5,8388608,W,18347144,8,44203.376578
kworker/0:0H-5,8388608,W,18347192,8,44203.376595
kworker/0:0H-5,8388608,W,18347208,8,44203.37666
kworker/0:0H-5,8388608,W,18347224,8,44203.376678
f2fs_ckpt-254:4-648,8388608,W,18347248,8,44203.378215
f2fs_ckpt-254:4-648,8388608,W,18347272,8,44203.378266
f2fs_ckpt-254:4-648,8388608,W,18347296,8,44203.378283
f2fs_ckpt-254:4-648,8388608,W,18347320,16,44203.378349
f2fs_ckpt-254:4-648,8388608,W,18347352,32,44203.378366
f2fs_ckpt-254:4-648,8388608,W,18347832,8,44203.378446
f2fs_ckpt-254:4-648,8388608,W,18348064,8,44203.378463
f2fs_ckpt-254:4-648,8388608,W,18348800,8,44203.378478
f2fs_ckpt-254:4-648,8388608,W,18349008,8,44203.37849
f2fs_ckpt-254:4-648,8388608,W,18349888,16,44203.378522
f2fs_ckpt-254:4-648,8388608,W,18350136,16,44203.378545
f2fs_ckpt-254:4-648,8388608,W,18350368,8,44203.378562
f2fs_ckpt-254:4-648,8388608,W,18350392,8,44203.378575
f2fs_ckpt-254:4-648,8388608,W,18350448,16,44203.378616
f2fs_ckpt-254:4-648,8388608,W,18350512,8,44203.378629
f2fs_ckpt-254:4-648,8388608,W,18350536,8,44203.378643
f2fs_ckpt-254:4-648,8388608,W,18350552,8,44203.378657
f2fs_ckpt-254:4-648,8388608,W,18350568,16,44203.378673
f2fs_ckpt-254:4-648,8388608,W,18358064,8,44203.378687
f2fs_ckpt-254:4-648,8388608,W,18361840,32,44203.378705
f2fs_ckpt-254:4-648,8388608,W,18361880,8,44203.378736
f2fs_ckpt-254:4-648,8388608,W,18361960,16,44203.378765
f2fs_ckpt-254:4-648,8388608,W,18362008,8,44203.378788
f2fs_ckpt-254:4-648,8388608,W,18362072,8,44203.378819
f2fs_ckpt-254:4-648,8388608,W,18362216,8,44203.378844
f2fs_ckpt-254:4-648,8388608,W,18365880,8,44203.378867
f2fs_ckpt-254:4-648,8388608,W,18365904,8,44203.378893
f2fs_ckpt-254:4-648,8388608,W,18365920,8,44203.378918
f2fs_ckpt-254:4-648,8388608,W,18365968,8,44203.378938
f2fs_ckpt-254:4-648,8388608,W,18365992,16,44203.378952
f2fs_ckpt-254:4-648,8388608,W,18366024,8,44203.378982
f2fs_ckpt-254:4-648,8388608,W,18366048,8,44203.378993
f2fs_ckpt-254:4-648,8388608,W,18366072,8,44203.380061
f2fs_ckpt-254:4-648,8388608,W,18366088,16,44203.380118
f2fs_ckpt-254:4-648,8388608,W,18366112,24,44203.380169
f2fs_ckpt-254:4-648,8388608,W,18366440,8,44203.380182
f2fs_ckpt-254:4-648,8388608,W,18970736,16,44203.38024
f2fs_ckpt-254:4-648,8388608,W,18991744,8,44203.380307
f2fs_ckpt-254:4-648,8388608,W,18325296,32,44203.380691
kworker/4:1H-218,8388608,W,18325328,8,44203.384507
android.io-1683,8388608,W,47862752,8,44203.424216
kworker/u17:3-4922,8388608,W,47862752,8,44203.425423
kworker/0:0H-5,8388608,W,47866552,8,44203.426601
PackageInstalle-1791,8388608,W,47862760,8,44204.788588
kworker/u17:3-4922,8388608,W,47862760,8,44204.790019
kworker/3:1H-227,8388608,W,47866560,8,44204.793533
PackageInstalle-1791,8388608,W,140193048,16,44204.934902
kworker/u17:3-4922,8388608,W,140193048,16,44204.935878
kworker/u17:3-4922,8388608,W,140193064,16,44204.935963
kworker/u17:3-4922,8388608,W,140193080,16,44204.935979
kworker/u17:3-4922,8388608,W,140193096,16,44204.935993
kworker/u17:3-4922,8388608,W,140193112,24,44204.936041
kworker/u17:3-4922,8388608,W,140193136,16,44204.936054
kworker/u17:3-4922,8388608,W,140193152,56,44204.936067
kworker/u17:3-4922,8388608,W,140193208,24,44204.936081
kworker/u17:3-4922,8388608,W,140193232,24,44204.936094
kworker/u17:3-4922,8388608,W,140193256,24,44204.936106
kworker/u17:3-4922,8388608,W,140193280,16,44204.936118
kworker/u17:3-4922,8388608,W,140193296,24,44204.936132
kworker/u17:3-4922,8388608,W,140193320,24,44204.936145
kworker/u17:3-4922,8388608,W,140193344,56,44204.936158
kworker/u17:3-4922,8388608,W,140193400,184,44204.936175
kworker/u17:3-4922,8388608,W,151170864,24,44204.93619
kworker/u17:3-4922,8388608,W,151170888,16,44204.936205
kworker/u17:3-4922,8388608,W,151170904,16,44204.936217
kworker/u17:3-4922,8388608,W,151170920,24,44204.936231
kworker/u17:3-4922,8388608,W,151170944,24,44204.936243
kworker/u17:3-4922,8388608,W,151170968,24,44204.936256
kworker/u17:3-4922,8388608,W,151170992,24,44204.936269
kworker/u17:3-4922,8388608,W,151171016,56,44204.936282
kworker/u17:3-4922,8388608,W,151171072,8,44204.936296
kworker/u17:3-4922,8388608,W,151171080,16,44204.936308
kworker/u17:3-4922,8388608,W,151171096,8,44204.936321
f2fs_ckpt-254:4-648,8388608,W,47862768,8,44204.938712
f2fs_ckpt-254:4-648,8388608,W,47862776,8,44204.938809
f2fs_ckpt-254:4-648,8388608,W,47862784,8,44204.93888
f2fs_ckpt-254:4-648,8388608,W,47862792,8,44204.938987
kworker/1:1H-228,8388608,W,26259448,32,44204.939238
kworker/1:1H-228,8388608,W,47866568,56,44204.939308
f2fs_ckpt-254:4-648,8388608,W,18333728,8,44204.939871
f2fs_ckpt-254:4-648,8388608,W,18337776,8,44204.939916
f2fs_ckpt-254:4-648,8388608,W,18338168,8,44204.939932
f2fs_ckpt-254:4-648,8388608,W,18345792,8,44204.939943
f2fs_ckpt-254:4-648,8388608,W,18346784,8,44204.939954
f2fs_ckpt-254:4-648,8388608,W,18362160,8,44204.939965
f2fs_ckpt-254:4-648,8388608,W,18366032,8,44204.939976
f2fs_ckpt-254:4-648,8388608,W,18370536,8,44204.939986
f2fs_ckpt-254:4-648,8388608,W,18991744,8,44204.939997
f2fs_ckpt-254:4-648,8388608,W,19061160,8,44204.940008
f2fs_ckpt-254:4-648,8388608,W,18329392,24,44204.9401
kworker/0:0H-5,8388608,W,18329416,8,44204.943312
PackageInstalle-1791,8388608,W,151171104,32,44205.0676
kworker/u17:3-4922,8388608,W,151171104,32,44205.068774
kworker/u17:3-4922,8388608,W,151171136,152,44205.068847
kworker/u17:3-4922,8388608,W,151171288,56,44205.068865
kworker/u17:3-4922,8388608,W,151171344,24,44205.068878
kworker/u17:3-4922,8388608,W,151171368,24,44205.068891
kworker/u17:3-4922,8388608,W,151171392,16,44205.068904
kworker/u17:3-4922,8388608,W,151171408,24,44205.068915
kworker/u17:3-4922,8388608,W,151171432,24,44205.068927
kworker/u17:3-4922,8388608,W,151171456,16,44205.068939
kworker/u17:3-4922,8388608,W,151171472,24,44205.068951
kworker/u17:3-4922,8388608,W,151171496,16,44205.068964
kworker/u17:3-4922,8388608,W,151171512,16,44205.068975
kworker/u17:3-4922,8388608,W,151171528,96,44205.068987
kworker/u17:3-4922,8388608,W,151171624,24,44205.068999
kworker/u17:3-4922,8388608,W,151171648,24,44205.069011
kworker/u17:3-4922,8388608,W,151171672,24,44205.069022
kworker/u17:3-4922,8388608,W,151171696,24,44205.069033
kworker/u17:3-4922,8388608,W,151171720,24,44205.069044
kworker/u17:3-4922,8388608,W,151171744,24,44205.069056
kworker/u17:3-4922,8388608,W,151171768,312,44205.06907
kworker/4:1H-218,8388608,W,151172080,24,44205.070021
kworker/4:1H-218,8388608,W,151172104,24,44205.070058
kworker/4:1H-218,8388608,W,151172128,24,44205.070066
kworker/4:1H-218,8388608,W,151172152,24,44205.070071
kworker/4:1H-218,8388608,W,151172176,24,44205.070077
kworker/4:1H-218,8388608,W,151172200,24,44205.070082
kworker/4:1H-218,8388608,W,151172224,24,44205.070087
kworker/4:1H-218,8388608,W,151172248,24,44205.070092
kworker/4:1H-218,8388608,W,151172272,24,44205.070097
kworker/4:1H-218,8388608,W,151172296,24,44205.070101
kworker/4:1H-218,8388608,W,151172320,24,44205.070106
kworker/4:1H-218,8388608,W,151172344,24,44205.071153
kworker/4:1H-218,8388608,W,151172368,24,44205.071187
kworker/4:1H-218,8388608,W,151172392,24,44205.071201
PackageInstalle-1791,8388608,W,151172656,24,44205.071206
kworker/4:1H-218,8388608,W,151172416,24,44205.071208
kworker/4:1H-218,8388608,W,151172440,24,44205.071213
PackageInstalle-1791,8388608,W,151172704,24,44205.071215
kworker/4:1H-218,8388608,W,151172464,24,44205.071218
kworker/4:1H-218,8388608,W,151172488,24,44205.071222
kworker/4:1H-218,8388608,W,151172512,24,44205.071226
kworker/4:1H-218,8388608,W,151172536,24,44205.071229
kworker/4:1H-218,8388608,W,151172560,24,44205.071233
kworker/4:1H-218,8388608,W,151172584,24,44205.071237
kworker/4:1H-218,8388608,W,151172608,24,44205.071244
kworker/4:1H-218,8388608,W,151172632,24,44205.071249
kworker/4:1H-218,8388608,W,151172680,24,44205.071254
kworker/4:1H-218,8388608,W,151172728,24,44205.071259
PackageInstalle-1791,8388608,W,151172752,24,44205.07405
PackageInstalle-1791,8388608,W,151172776,24,44205.074073
PackageInstalle-1791,8388608,W,151172800,24,44205.074077
PackageInstalle-1791,8388608,W,151172824,24,44205.074083
PackageInstalle-1791,8388608,W,151172848,24,44205.074087
PackageInstalle-1791,8388608,W,151172872,24,44205.074094
PackageInstalle-1791,8388608,W,151172896,24,44205.074097
PackageInstalle-1791,8388608,W,151172920,24,44205.074101
PackageInstalle-1791,8388608,W,151172944,24,44205.074104
PackageInstalle-1791,8388608,W,151172968,24,44205.074133
PackageInstalle-1791,8388608,W,151172992,24,44205.07416
PackageInstalle-1791,8388608,W,151173016,24,44205.074169
PackageInstalle-1791,8388608,W,151173040,24,44205.074174
PackageInstalle-1791,8388608,W,151173064,24,44205.074177
PackageInstalle-1791,8388608,W,151173088,24,44205.074181
PackageInstalle-1791,8388608,W,151173112,24,44205.074186
PackageInstalle-1791,8388608,W,151173136,24,44205.074191
PackageInstalle-1791,8388608,W,151173160,24,44205.074194
PackageInstalle-1791,8388608,W,151173184,24,44205.074197
PackageInstalle-1791,8388608,W,151173208,24,44205.074202
PackageInstalle-1791,8388608,W,151173232,24,44205.074208
PackageInstalle-1791,8388608,W,151173256,24,44205.074211
PackageInstalle-1791,8388608,W,151173280,24,44205.074215
PackageInstalle-1791,8388608,W,151173304,24,44205.074218
PackageInstalle-1791,8388608,W,151173328,24,44205.074223
PackageInstalle-1791,8388608,W,151173352,24,44205.074228
PackageInstalle-1791,8388608,W,151173376,24,44205.074231
PackageInstalle-1791,8388608,W,151173400,24,44205.074236
PackageInstalle-1791,8388608,W,151173424,16,44205.07424
PackageInstalle-1791,8388608,W,151173440,16,44205.074244
PackageInstalle-1791,8388608,W,151173456,16,44205.074247
PackageInstalle-1791,8388608,W,151173472,16,44205.074251
PackageInstalle-1791,8388608,W,151173488,16,44205.075811
PackageInstalle-1791,8388608,W,151173504,16,44205.075846
PackageInstalle-1791,8388608,W,151173520,8,44205.075853
PackageInstalle-1791,8388608,W,151173528,16,44205.075859
PackageInstalle-1791,8388608,W,151173544,16,44205.075862
PackageInstalle-1791,8388608,W,151173560,16,44205.075866
PackageInstalle-1791,8388608,W,151173576,16,44205.07587
PackageInstalle-1791,8388608,W,151173592,16,44205.075874
PackageInstalle-1791,8388608,W,151173608,16,44205.075899
PackageInstalle-1791,8388608,W,151173624,16,44205.075904
PackageInstalle-1791,8388608,W,151173640,16,44205.075907
PackageInstalle-1791,8388608,W,151173656,16,44205.075912
PackageInstalle-1791,8388608,W,151173672,16,44205.075927
PackageInstalle-1791,8388608,W,151173688,8,44205.075931
PackageInstalle-1791,8388608,W,151173696,16,44205.075934
PackageInstalle-1791,8388608,W,151173712,8,44205.075938
PackageInstalle-1791,8388608,W,151173720,8,44205.075941
PackageInstalle-1791,8388608,W,151173728,8,44205.075944
PackageInstalle-1791,8388608,W,151173736,8,44205.075947
PackageInstalle-1791,8388608,W,151173744,8,44205.07595
PackageInstalle-1791,8388608,W,151173752,8,44205.075967
PackageInstalle-1791,8388608,W,151173760,8,44205.075972
PackageInstalle-1791,8388608,W,151173768,8,44205.075977
PackageInstalle-1791,8388608,W,151173776,16,44205.07598
PackageInstalle-1791,8388608,W,151173792,8,44205.075984
PackageInstalle-1791,8388608,W,151173800,8,44205.075998
PackageInstalle-1791,8388608,W,151173808,8,44205.076003
PackageInstalle-1791,8388608,W,151173816,8,44205.076006
PackageInstalle-1791,8388608,W,151173824,8,44205.07601
PackageInstalle-1791,8388608,W,151173832,8,44205.076013
PackageInstalle-1791,8388608,W,151173840,8,44205.076016
PackageInstalle-1791,8388608,W,151173848,16,44205.076019
PackageInstalle-1791,8388608,W,151173864,16,44205.0777
PackageInstalle-1791,8388608,W,151173880,16,44205.077715
PackageInstalle-1791,8388608,W,151173896,16,44205.07772
PackageInstalle-1791,8388608,W,151173912,16,44205.077724
PackageInstalle-1791,8388608,W,151173928,16,44205.077727
PackageInstalle-1791,8388608,W,151173944,16,44205.077731
PackageInstalle-1791,8388608,W,151173960,8,44205.077736
PackageInstalle-1791,8388608,W,151173968,8,44205.077741
PackageInstalle-1791,8388608,W,151173976,8,44205.077744
PackageInstalle-1791,8388608,W,151173984,8,44205.077747
PackageInstalle-1791,8388608,W,151173992,8,44205.07775
PackageInstalle-1791,8388608,W,151174000,16,44205.077754
PackageInstalle-1791,8388608,W,151174016,8,44205.07776
PackageInstalle-1791,8388608,W,151174024,16,44205.077764
PackageInstalle-1791,8388608,W,151174040,16,44205.077767
PackageInstalle-1791,8388608,W,151174056,16,44205.07777
PackageInstalle-1791,8388608,W,151174072,16,44205.077773
PackageInstalle-1791,8388608,W,151174088,16,44205.077776
PackageInstalle-1791,8388608,W,151174104,16,44205.077795
PackageInstalle-1791,8388608,W,151174120,16,44205.077798
PackageInstalle-1791,8388608,W,151174136,16,44205.077801
PackageInstalle-1791,8388608,W,151174152,8,44205.077805
PackageInstalle-1791,8388608,W,151174160,8,44205.077836
PackageInstalle-1791,8388608,W,151174168,16,44205.077841
PackageInstalle-1791,8388608,W,151174184,16,44205.077846
PackageInstalle-1791,8388608,W,151174200,16,44205.077849
PackageInstalle-1791,8388608,W,151174216,16,44205.077853
PackageInstalle-1791,8388608,W,151174232,16,44205.077856
PackageInstalle-1791,8388608,W,151174248,8,44205.077861
PackageInstalle-1791,8388608,W,151174256,8,44205.077866
PackageInstalle-1791,8388608,W,151174264,16,44205.077871
PackageInstalle-1791,8388608,W,151174280,16,44205.077876
PackageInstalle-1791,8388608,W,151174296,16,44205.079496
PackageInstalle-1791,8388608,W,151174312,16,44205.079514
PackageInstalle-1791,8388608,W,151174328,16,44205.079518
PackageInstalle-1791,8388608,W,151174344,16,44205.079522
PackageInstalle-1791,8388608,W,151174360,8,44205.079526
PackageInstalle-1791,8388608,W,151174368,16,44205.07953
PackageInstalle-1791,8388608,W,151174384,16,44205.079533
PackageInstalle-1791,8388608,W,151174400,16,44205.079537
PackageInstalle-1791,8388608,W,151174416,16,44205.079553
PackageInstalle-1791,8388608,W,151174432,16,44205.079562
PackageInstalle-1791,8388608,W,151174448,16,44205.079565
PackageInstalle-1791,8388608,W,151174464,16,44205.079577
PackageInstalle-1791,8388608,W,151174480,8,44205.07958
PackageInstalle-1791,8388608,W,151174488,8,44205.079596
PackageInstalle-1791,8388608,W,151174496,8,44205.0796
PackageInstalle-1791,8388608,W,151174504,8,44205.079604
PackageInstalle-1791,8388608,W,151174512,8,44205.079607
PackageInstalle-1791,8388608,W,151174520,8,44205.07961
PackageInstalle-1791,8388608,W,151174528,8,44205.079621
PackageInstalle-1791,8388608,W,151174536,16,44205.079625
PackageInstalle-1791,8388608,W,151174552,16,44205.079628
PackageInstalle-1791,8388608,W,151174568,8,44205.079643
PackageInstalle-1791,8388608,W,151174576,16,44205.079648
PackageInstalle-1791,8388608,W,151174592,16,44205.079651
PackageInstalle-1791,8388608,W,151174608,16,44205.079654
PackageInstalle-1791,8388608,W,151174624,16,44205.079658
PackageInstalle-1791,8388608,W,151174640,16,44205.079663
PackageInstalle-1791,8388608,W,151174656,8,44205.079666
PackageInstalle-1791,8388608,W,151174664,16,44205.07967
PackageInstalle-1791,8388608,W,151174680,8,44205.079673
PackageInstalle-1791,8388608,W,151174688,16,44205.079676
PackageInstalle-1791,8388608,W,151174704,8,44205.079679
PackageInstalle-1791,8388608,W,151174712,16,44205.081535
PackageInstalle-1791,8388608,W,151174728,8,44205.081551
PackageInstalle-1791,8388608,W,151174736,16,44205.081555
PackageInstalle-1791,8388608,W,151174752,16,44205.081559
PackageInstalle-1791,8388608,W,151174768,16,44205.081562
PackageInstalle-1791,8388608,W,151174784,16,44205.081565
PackageInstalle-1791,8388608,W,151174800,16,44205.081568
PackageInstalle-1791,8388608,W,151174816,16,44205.081571
PackageInstalle-1791,8388608,W,151174832,16,44205.081575
PackageInstalle-1791,8388608,W,151174848,16,44205.081578
PackageInstalle-1791,8388608,W,151174864,16,44205.081581
PackageInstalle-1791,8388608,W,151174880,16,44205.081585
PackageInstalle-1791,8388608,W,151174896,16,44205.081589
PackageInstalle-1791,8388608,W,151174912,16,44205.081593
PackageInstalle-1791,8388608,W,151174928,16,44205.081598
PackageInstalle-1791,8388608,W,151174944,16,44205.081601
PackageInstalle-1791,8388608,W,152567600,16,44205.081619
PackageInstalle-1791,8388608,W,152567616,16,44205.081624
PackageInstalle-1791,8388608,W,152567632,16,44205.081627
PackageInstalle-1791,8388608,W,152567648,16,44205.08163
PackageInstalle-1791,8388608,W,152567664,8,44205.081634
PackageInstalle-1791,8388608,W,152567672,16,44205.081649
PackageInstalle-1791,8388608,W,152567688,8,44205.081672
PackageInstalle-1791,8388608,W,152567696,8,44205.081677
PackageInstalle-1791,8388608,W,152567704,8,44205.08168
PackageInstalle-1791,8388608,W,152567712,16,44205.081683
PackageInstalle-1791,8388608,W,152567728,16,44205.081685
PackageInstalle-1791,8388608,W,152567744,16,44205.081688
PackageInstalle-1791,8388608,W,152567760,16,44205.081691
PackageInstalle-1791,8388608,W,152567776,16,44205.081694
PackageInstalle-1791,8388608,W,152567792,16,44205.081697
PackageInstalle-1791,8388608,W,152567808,16,44205.0817
PackageInstalle-1791,8388608,W,152567824,16,44205.08339
PackageInstalle-1791,8388608,W,152567840,16,44205.083398
PackageInstalle-1791,8388608,W,152567856,16,44205.083401
PackageInstalle-1791,8388608,W,152567872,16,44205.083404
PackageInstalle-1791,8388608,W,152567888,16,44205.083408
PackageInstalle-1791,8388608,W,152567904,16,44205.083411
PackageInstalle-1791,8388608,W,152567920,16,44205.083415
PackageInstalle-1791,8388608,W,152567936,16,44205.083418
PackageInstalle-1791,8388608,W,152567952,16,44205.083422
PackageInstalle-1791,8388608,W,152567968,16,44205.083425
PackageInstalle-1791,8388608,W,152567984,24,44205.083445
PackageInstalle-1791,8388608,W,152568008,16,44205.08345
PackageInstalle-1791,8388608,W,152568024,16,44205.083453
PackageInstalle-1791,8388608,W,152568040,16,44205.083456
PackageInstalle-1791,8388608,W,152568056,16,44205.083459
PackageInstalle-1791,8388608,W,152568072,8,44205.083462
PackageInstalle-1791,8388608,W,152568080,8,44205.083465
PackageInstalle-1791,8388608,W,152568088,8,44205.083469
PackageInstalle-1791,8388608,W,152568096,8,44205.083472
PackageInstalle-1791,8388608,W,152568104,8,44205.083475
PackageInstalle-1791,8388608,W,152568112,8,44205.083478
PackageInstalle-1791,8388608,W,152568120,8,44205.083481
PackageInstalle-1791,8388608,W,152568128,8,44205.083484
PackageInstalle-1791,8388608,W,152568136,8,44205.083487
PackageInstalle-1791,8388608,W,152568144,8,44205.08349
PackageInstalle-1791,8388608,W,152568152,16,44205.083494
PackageInstalle-1791,8388608,W,152568168,16,44205.083497
PackageInstalle-1791,8388608,W,152568184,16,44205.0835
PackageInstalle-1791,8388608,W,152568200,16,44205.083503
PackageInstalle-1791,8388608,W,152568216,16,44205.083506
PackageInstalle-1791,8388608,W,152568232,16,44205.083509
PackageInstalle-1791,8388608,W,152568248,16,44205.083512
PackageInstalle-1791,8388608,W,152568264,16,44205.085258
PackageInstalle-1791,8388608,W,152568280,16,44205.085274
PackageInstalle-1791,8388608,W,152568296,16,44205.085279
PackageInstalle-1791,8388608,W,152568312,16,44205.085282
PackageInstalle-1791,8388608,W,152568328,16,44205.085285
PackageInstalle-1791,8388608,W,152568344,16,44205.085288
PackageInstalle-1791,8388608,W,152568360,16,44205.085291
PackageInstalle-1791,8388608,W,152568376,16,44205.085294
PackageInstalle-1791,8388608,W,152568392,16,44205.085297
PackageInstalle-1791,8388608,W,152568408,16,44205.0853
PackageInstalle-1791,8388608,W,152568424,16,44205.085303
PackageInstalle-1791,8388608,W,152568440,16,44205.085306
PackageInstalle-1791,8388608,W,152568456,16,44205.085309
PackageInstalle-1791,8388608,W,152568472,16,44205.085312
PackageInstalle-1791,8388608,W,152568488,16,44205.085317
PackageInstalle-1791,8388608,W,152568504,16,44205.085321
PackageInstalle-1791,8388608,W,152568520,16,44205.085324
PackageInstalle-1791,8388608,W,152568536,16,44205.085327
PackageInstalle-1791,8388608,W,152568552,16,44205.085347
PackageInstalle-1791,8388608,W,152568568,16,44205.085353
PackageInstalle-1791,8388608,W,152568584,16,44205.085356
PackageInstalle-1791,8388608,W,152568600,16,44205.085359
PackageInstalle-1791,8388608,W,152568616,8,44205.085371
PackageInstalle-1791,8388608,W,152568624,8,44205.085374
PackageInstalle-1791,8388608,W,152568632,8,44205.085393
PackageInstalle-1791,8388608,W,152568640,16,44205.085411
PackageInstalle-1791,8388608,W,152568656,8,44205.085415
PackageInstalle-1791,8388608,W,152568664,16,44205.085418
PackageInstalle-1791,8388608,W,152568680,16,44205.085424
PackageInstalle-1791,8388608,W,152568696,16,44205.085427
PackageInstalle-1791,8388608,W,152568712,16,44205.085431
PackageInstalle-1791,8388608,W,152568728,16,44205.085434
PackageInstalle-1791,8388608,W,152568744,16,44205.087622
PackageInstalle-1791,8388608,W,152568760,16,44205.087637
PackageInstalle-1791,8388608,W,152568776,16,44205.087642
PackageInstalle-1791,8388608,W,152568792,16,44205.087646
PackageInstalle-1791,8388608,W,152568808,16,44205.08765
PackageInstalle-1791,8388608,W,152568824,16,44205.087653
PackageInstalle-1791,8388608,W,152568840,16,44205.087656
PackageInstalle-1791,8388608,W,152568856,16,44205.087659
PackageInstalle-1791,8388608,W,152568872,16,44205.087663
PackageInstalle-1791,8388608,W,152568888,16,44205.087666
PackageInstalle-1791,8388608,W,152568904,16,44205.087669
PackageInstalle-1791,8388608,W,152568920,16,44205.087672
PackageInstalle-1791,8388608,W,152568936,16,44205.087675
PackageInstalle-1791,8388608,W,152568952,16,44205.087678
PackageInstalle-1791,8388608,W,152568968,16,44205.087682
PackageInstalle-1791,8388608,W,152568984,16,44205.087685
PackageInstalle-1791,8388608,W,152569000,16,44205.087689
PackageInstalle-1791,8388608,W,152569016,16,44205.08771
PackageInstalle-1791,8388608,W,152569032,16,44205.087715
PackageInstalle-1791,8388608,W,152569048,16,44205.087718
PackageInstalle-1791,8388608,W,152569064,16,44205.087721
PackageInstalle-1791,8388608,W,152569080,16,44205.087747
PackageInstalle-1791,8388608,W,152569096,16,44205.087761
PackageInstalle-1791,8388608,W,152569112,16,44205.087765
PackageInstalle-1791,8388608,W,152569128,16,44205.087768
PackageInstalle-1791,8388608,W,152569144,16,44205.087771
PackageInstalle-1791,8388608,W,152569160,16,44205.087774
PackageInstalle-1791,8388608,W,152569176,16,44205.087777
PackageInstalle-1791,8388608,W,152569192,16,44205.087781
PackageInstalle-1791,8388608,W,152569208,16,44205.087784
PackageInstalle-1791,8388608,W,152569224,16,44205.087787
PackageInstalle-1791,8388608,W,152569240,16,44205.087792
kworker/5:1H-437,8388608,W,152569256,16,44205.089153
kworker/5:1H-437,8388608,W,152569272,16,44205.089183
kworker/5:1H-437,8388608,W,152569288,16,44205.089187
kworker/5:1H-437,8388608,W,152569304,16,44205.089191
kworker/5:1H-437,8388608,W,152569320,16,44205.089194
kworker/5:1H-437,8388608,W,152569336,16,44205.089197
kworker/5:1H-437,8388608,W,152569352,16,44205.0892
kworker/5:1H-437,8388608,W,152569368,16,44205.089203
kworker/5:1H-437,8388608,W,152569384,16,44205.089205
kworker/5:1H-437,8388608,W,152569400,16,44205.089208
kworker/5:1H-437,8388608,W,152569416,16,44205.089211
kworker/5:1H-437,8388608,W,152569432,16,44205.089225
kworker/5:1H-437,8388608,W,152569448,16,44205.089228
kworker/5:1H-437,8388608,W,152569464,16,44205.089231
kworker/5:1H-437,8388608,W,152569480,16,44205.089235
kworker/5:1H-437,8388608,W,152569496,16,44205.089257
kworker/5:1H-437,8388608,W,152569512,16,44205.08926
kworker/5:1H-437,8388608,W,152569528,16,44205.089263
kworker/5:1H-437,8388608,W,152569544,16,44205.089267
kworker/5:1H-437,8388608,W,152569560,16,44205.08927
kworker/5:1H-437,8388608,W,152569576,16,44205.089272
PackageInstalle-1791,8388608,W,152569592,16,44205.092316
PackageInstalle-1791,8388608,W,152569608,16,44205.092349
PackageInstalle-1791,8388608,W,152569624,16,44205.092355
PackageInstalle-1791,8388608,W,152569640,88,44205.09236
PackageInstalle-1791,8388608,W,152569728,24,44205.092365
PackageInstalle-1791,8388608,W,152569752,24,44205.092368
PackageInstalle-1791,8388608,W,152569776,88,44205.092372
PackageInstalle-1791,8388608,W,152569864,24,44205.092375
PackageInstalle-1791,8388608,W,152569888,24,44205.092381
PackageInstalle-1791,8388608,W,152569912,24,44205.092385
PackageInstalle-1791,8388608,W,152569936,24,44205.092388
PackageInstalle-1791,8388608,W,152569960,24,44205.092391
PackageInstalle-1791,8388608,W,152569984,24,44205.092394
PackageInstalle-1791,8388608,W,152570008,696,44205.092399
PackageInstalle-1791,8388608,W,152570704,88,44205.094953
PackageInstalle-1791,8388608,W,152570792,8,44205.094987
PackageInstalle-1791,8388608,W,152570800,16,44205.094992
PackageInstalle-1791,8388608,W,152570816,16,44205.094995
PackageInstalle-1791,8388608,W,152570832,16,44205.094998
PackageInstalle-1791,8388608,W,152570848,16,44205.095001
PackageInstalle-1791,8388608,W,152570864,24,44205.095004
PackageInstalle-1791,8388608,W,152570888,16,44205.095007
PackageInstalle-1791,8388608,W,152570904,24,44205.095011
PackageInstalle-1791,8388608,W,152570928,24,44205.095013
PackageInstalle-1791,8388608,W,152570952,24,44205.095017
PackageInstalle-1791,8388608,W,152570976,16,44205.095019
PackageInstalle-1791,8388608,W,152570992,16,44205.095022
PackageInstalle-1791,8388608,W,152571008,24,44205.095025
PackageInstalle-1791,8388608,W,152571032,24,44205.095029
PackageInstalle-1791,8388608,W,152571056,24,44205.095032
PackageInstalle-1791,8388608,W,152571080,24,44205.095054
PackageInstalle-1791,8388608,W,152571104,16,44205.095058
PackageInstalle-1791,8388608,W,152571120,24,44205.095061
PackageInstalle-1791,8388608,W,152571144,24,44205.095064
PackageInstalle-1791,8388608,W,152571168,56,44205.095068
PackageInstalle-1791,8388608,W,152571224,24,44205.095071
PackageInstalle-1791,8388608,W,152571248,24,44205.095076
PackageInstalle-1791,8388608,W,152571272,24,44205.095087
PackageInstalle-1791,8388608,W,152571296,280,44205.095101
PackageInstalle-1791,8388608,W,152571576,24,44205.097607
PackageInstalle-1791,8388608,W,152571600,56,44205.097644
PackageInstalle-1791,8388608,W,152571656,24,44205.09765
PackageInstalle-1791,8388608,W,152571680,16,44205.097654
PackageInstalle-1791,8388608,W,19828528,8,44205.097657
PackageInstalle-1791,8388608,W,19828536,24,44205.09766
PackageInstalle-1791,8388608,W,19828560,24,44205.097665
PackageInstalle-1791,8388608,W,19828584,24,44205.097668
PackageInstalle-1791,8388608,W,19828608,16,44205.097673
PackageInstalle-1791,8388608,W,19828624,16,44205.097677
PackageInstalle-1791,8388608,W,19828640,24,44205.09768
PackageInstalle-1791,8388608,W,19828664,56,44205.097683
PackageInstalle-1791,8388608,W,19828720,24,44205.097688
PackageInstalle-1791,8388608,W,19828744,16,44205.097691
PackageInstalle-1791,8388608,W,19828760,16,44205.097694
PackageInstalle-1791,8388608,W,19828776,24,44205.097698
PackageInstalle-1791,8388608,W,19828800,24,44205.097709
PackageInstalle-1791,8388608,W,19828824,24,44205.097728
PackageInstalle-1791,8388608,W,19828848,16,44205.097733
PackageInstalle-1791,8388608,W,19828864,24,44205.097736
PackageInstalle-1791,8388608,W,19828888,24,44205.097742
PackageInstalle-1791,8388608,W,19828912,16,44205.097745
PackageInstalle-1791,8388608,W,19828928,24,44205.097749
PackageInstalle-1791,8388608,W,19828952,24,44205.097752
PackageInstalle-1791,8388608,W,19828976,24,44205.097755
PackageInstalle-1791,8388608,W,19829000,24,44205.097759
PackageInstalle-1791,8388608,W,19829024,16,44205.097761
PackageInstalle-1791,8388608,W,19829040,16,44205.097765
PackageInstalle-1791,8388608,W,19829056,24,44205.09777
PackageInstalle-1791,8388608,W,19829080,16,44205.097773
PackageInstalle-1791,8388608,W,19829096,16,44205.097775
PackageInstalle-1791,8388608,W,19829112,16,44205.097778
PackageInstalle-1791,8388608,W,19829128,24,44205.100613
PackageInstalle-1791,8388608,W,19829152,24,44205.10065
PackageInstalle-1791,8388608,W,19829176,16,44205.100654
PackageInstalle-1791,8388608,W,19829192,24,44205.100658
PackageInstalle-1791,8388608,W,19829216,24,44205.100661
PackageInstalle-1791,8388608,W,19829240,16,44205.100663
PackageInstalle-1791,8388608,W,19829256,24,44205.100667
PackageInstalle-1791,8388608,W,19829280,24,44205.100669
PackageInstalle-1791,8388608,W,19829304,24,44205.100672
PackageInstalle-1791,8388608,W,19829328,120,44205.100675
PackageInstalle-1791,8388608,W,19829448,24,44205.100679
PackageInstalle-1791,8388608,W,19829472,24,44205.100682
PackageInstalle-1791,8388608,W,19829496,24,44205.100685
PackageInstalle-1791,8388608,W,19829520,24,44205.100688
PackageInstalle-1791,8388608,W,19829544,24,44205.100691
PackageInstalle-1791,8388608,W,19829568,24,44205.100694
PackageInstalle-1791,8388608,W,19829592,24,44205.100697
PackageInstalle-1791,8388608,W,19829616,24,44205.1007
PackageInstalle-1791,8388608,W,19829640,24,44205.100703
PackageInstalle-1791,8388608,W,19829664,24,44205.100706
PackageInstalle-1791,8388608,W,19829688,24,44205.10071
PackageInstalle-1791,8388608,W,19829712,24,44205.100713
PackageInstalle-1791,8388608,W,19829736,24,44205.100739
PackageInstalle-1791,8388608,W,19829760,24,44205.100743
PackageInstalle-1791,8388608,W,19829784,24,44205.100746
PackageInstalle-1791,8388608,W,19829808,24,44205.100757
PackageInstalle-1791,8388608,W,19829832,24,44205.100769
PackageInstalle-1791,8388608,W,19829856,24,44205.100776
PackageInstalle-1791,8388608,W,19829880,16,44205.100781
PackageInstalle-1791,8388608,W,19829896,24,44205.100784
PackageInstalle-1791,8388608,W,19829920,24,44205.100787
PackageInstalle-1791,8388608,W,19829944,24,44205.10079
PackageInstalle-1791,8388608,W,19829968,24,44205.103546
PackageInstalle-1791,8388608,W,19829992,24,44205.103561
PackageInstalle-1791,8388608,W,19830016,24,44205.103565
PackageInstalle-1791,8388608,W,19830040,24,44205.103568
PackageInstalle-1791,8388608,W,19830064,24,44205.103572
PackageInstalle-1791,8388608,W,19830088,24,44205.103576
PackageInstalle-1791,8388608,W,19830112,24,44205.103581
PackageInstalle-1791,8388608,W,19830136,24,44205.103584
PackageInstalle-1791,8388608,W,19830160,24,44205.103587
PackageInstalle-1791,8388608,W,19830184,24,44205.103589
PackageInstalle-1791,8388608,W,19830208,24,44205.103592
PackageInstalle-1791,8388608,W,19830232,24,44205.103595
PackageInstalle-1791,8388608,W,19830256,24,44205.103598
PackageInstalle-1791,8388608,W,19830280,24,44205.103601
PackageInstalle-1791,8388608,W,19830304,24,44205.103604
PackageInstalle-1791,8388608,W,19830328,24,44205.103607
PackageInstalle-1791,8388608,W,19830352,24,44205.10361
PackageInstalle-1791,8388608,W,19830376,24,44205.103613
PackageInstalle-1791,8388608,W,19830400,24,44205.103617
PackageInstalle-1791,8388608,W,19830424,24,44205.10362
PackageInstalle-1791,8388608,W,19830448,16,44205.103645
PackageInstalle-1791,8388608,W,19830464,24,44205.10365
PackageInstalle-1791,8388608,W,19830488,24,44205.103653
PackageInstalle-1791,8388608,W,19830512,24,44205.103656
PackageInstalle-1791,8388608,W,19830536,24,44205.103668
PackageInstalle-1791,8388608,W,19830560,24,44205.10368
PackageInstalle-1791,8388608,W,19830584,24,44205.103684
PackageInstalle-1791,8388608,W,19830608,24,44205.103687
PackageInstalle-1791,8388608,W,19830632,24,44205.103691
PackageInstalle-1791,8388608,W,19830656,24,44205.103694
PackageInstalle-1791,8388608,W,19830680,24,44205.103697
PackageInstalle-1791,8388608,W,19830704,24,44205.1037
kworker/5:1H-437,8388608,W,19830728,24,44205.10613
kworker/5:1H-437,8388608,W,19830752,24,44205.106143
kworker/5:1H-437,8388608,W,19830776,24,44205.106147
kworker/5:1H-437,8388608,W,19830800,24,44205.10615
kworker/5:1H-437,8388608,W,19830824,24,44205.106154
kworker/5:1H-437,8388608,W,19830848,24,44205.106158
kworker/5:1H-437,8388608,W,19830872,24,44205.106161
kworker/5:1H-437,8388608,W,19830896,24,44205.106165
kworker/5:1H-437,8388608,W,19830920,24,44205.106168
kworker/5:1H-437,8388608,W,19830944,24,44205.106171
kworker/5:1H-437,8388608,W,19830968,24,44205.106174
kworker/5:1H-437,8388608,W,19830992,24,44205.106177
kworker/5:1H-437,8388608,W,19831016,24,44205.10618
kworker/5:1H-437,8388608,W,19831040,24,44205.106183
kworker/5:1H-437,8388608,W,19831064,24,44205.106186
kworker/5:1H-437,8388608,W,19831088,56,44205.106191
kworker/5:1H-437,8388608,W,19831144,24,44205.106196
kworker/5:1H-437,8388608,W,19831168,24,44205.106199
kworker/5:1H-437,8388608,W,19831192,24,44205.106217
kworker/5:1H-437,8388608,W,19831216,24,44205.106221
kworker/5:1H-437,8388608,W,19831240,24,44205.106225
kworker/5:1H-437,8388608,W,19831264,24,44205.106228
kworker/5:1H-437,8388608,W,19831288,24,44205.106241
kworker/5:1H-437,8388608,W,19831312,24,44205.106253
kworker/5:1H-437,8388608,W,19831336,24,44205.106258
kworker/5:1H-437,8388608,W,19831360,24,44205.106261
kworker/5:1H-437,8388608,W,19831384,24,44205.106264
PackageInstalle-1791,8388608,W,19831408,24,44205.109231
PackageInstalle-1791,8388608,W,19831432,24,44205.109247
PackageInstalle-1791,8388608,W,19831456,24,44205.109251
PackageInstalle-1791,8388608,W,19831480,24,44205.109255
PackageInstalle-1791,8388608,W,19831504,24,44205.10926
PackageInstalle-1791,8388608,W,19831528,24,44205.109265
PackageInstalle-1791,8388608,W,19831552,24,44205.109269
PackageInstalle-1791,8388608,W,19831576,24,44205.109272
PackageInstalle-1791,8388608,W,19831600,24,44205.109276
PackageInstalle-1791,8388608,W,19831624,24,44205.109278
PackageInstalle-1791,8388608,W,19831648,24,44205.109281
PackageInstalle-1791,8388608,W,19831672,16,44205.109284
PackageInstalle-1791,8388608,W,19831688,16,44205.109289
PackageInstalle-1791,8388608,W,19831704,16,44205.109293
PackageInstalle-1791,8388608,W,19831720,24,44205.109296
PackageInstalle-1791,8388608,W,19831744,24,44205.1093
PackageInstalle-1791,8388608,W,19831768,24,44205.109303
PackageInstalle-1791,8388608,W,19831792,24,44205.109324
PackageInstalle-1791,8388608,W,19831816,24,44205.109328
PackageInstalle-1791,8388608,W,19831840,24,44205.10934
PackageInstalle-1791,8388608,W,19831864,24,44205.109347
PackageInstalle-1791,8388608,W,19831888,24,44205.109352
PackageInstalle-1791,8388608,W,19831912,24,44205.109355
PackageInstalle-1791,8388608,W,19831936,24,44205.109359
PackageInstalle-1791,8388608,W,19831960,24,44205.109362
PackageInstalle-1791,8388608,W,19831984,24,44205.109373
PackageInstalle-1791,8388608,W,19832008,24,44205.109376
PackageInstalle-1791,8388608,W,19832032,56,44205.109387
PackageInstalle-1791,8388608,W,19832088,24,44205.109391
PackageInstalle-1791,8388608,W,19832112,88,44205.10941
PackageInstalle-1791,8388608,W,19832200,24,44205.109424
PackageInstalle-1791,8388608,W,19832224,24,44205.109429
PackageInstalle-1791,8388608,W,19832248,24,44205.11249
PackageInstalle-1791,8388608,W,19832272,24,44205.112505
PackageInstalle-1791,8388608,W,19832296,24,44205.112509
PackageInstalle-1791,8388608,W,19832320,56,44205.112514
PackageInstalle-1791,8388608,W,19832376,24,44205.112517
PackageInstalle-1791,8388608,W,19832400,24,44205.11252
PackageInstalle-1791,8388608,W,19832424,24,44205.112523
PackageInstalle-1791,8388608,W,19832448,24,44205.112526
PackageInstalle-1791,8388608,W,19832472,24,44205.112529
PackageInstalle-1791,8388608,W,19832496,16,44205.112532
PackageInstalle-1791,8388608,W,19832512,24,44205.112535
PackageInstalle-1791,8388608,W,19832536,24,44205.112539
PackageInstalle-1791,8388608,W,19832560,16,44205.112542
PackageInstalle-1791,8388608,W,19832576,16,44205.112545
PackageInstalle-1791,8388608,W,19832592,32,44205.112548
PackageInstalle-1791,8388608,W,20569904,56,44205.112552
PackageInstalle-1791,8388608,W,20569960,24,44205.112555
PackageInstalle-1791,8388608,W,20569984,24,44205.112558
PackageInstalle-1791,8388608,W,20570008,56,44205.112577
PackageInstalle-1791,8388608,W,20570064,56,44205.112582
PackageInstalle-1791,8388608,W,20570120,24,44205.112587
PackageInstalle-1791,8388608,W,20570144,56,44205.11259
PackageInstalle-1791,8388608,W,20570200,24,44205.112593
PackageInstalle-1791,8388608,W,20570224,24,44205.112596
PackageInstalle-1791,8388608,W,20570248,24,44205.1126
PackageInstalle-1791,8388608,W,20570272,24,44205.112613
PackageInstalle-1791,8388608,W,20570296,24,44205.112625
PackageInstalle-1791,8388608,W,20570320,24,44205.112629
PackageInstalle-1791,8388608,W,20570344,24,44205.112632
PackageInstalle-1791,8388608,W,20570368,24,44205.112637
PackageInstalle-1791,8388608,W,20570392,24,44205.112641
PackageInstalle-1791,8388608,W,20570416,24,44205.112644
PackageInstalle-1791,8388608,W,20570440,24,44205.115904
PackageInstalle-1791,8388608,W,20570464,24,44205.115916
PackageInstalle-1791,8388608,W,20570488,24,44205.115921
PackageInstalle-1791,8388608,W,20570512,24,44205.115923
PackageInstalle-1791,8388608,W,20570536,24,44205.115927
PackageInstalle-1791,8388608,W,20570560,56,44205.115931
PackageInstalle-1791,8388608,W,20570616,24,44205.115934
PackageInstalle-1791,8388608,W,20570640,24,44205.115938
PackageInstalle-1791,8388608,W,20570664,16,44205.115941
PackageInstalle-1791,8388608,W,20570680,24,44205.115944
PackageInstalle-1791,8388608,W,20570704,24,44205.115947
PackageInstalle-1791,8388608,W,20570728,24,44205.11595
PackageInstalle-1791,8388608,W,20570752,24,44205.115953
PackageInstalle-1791,8388608,W,20570776,24,44205.115958
PackageInstalle-1791,8388608,W,20570800,24,44205.11596
PackageInstalle-1791,8388608,W,20570824,24,44205.115965
PackageInstalle-1791,8388608,W,20570848,24,44205.115969
PackageInstalle-1791,8388608,W,20570872,24,44205.115972
PackageInstalle-1791,8388608,W,20570896,24,44205.115976
PackageInstalle-1791,8388608,W,20570920,24,44205.115979
PackageInstalle-1791,8388608,W,20570944,24,44205.115982
PackageInstalle-1791,8388608,W,20570968,24,44205.116002
PackageInstalle-1791,8388608,W,20570992,24,44205.116007
PackageInstalle-1791,8388608,W,20571016,24,44205.11601
PackageInstalle-1791,8388608,W,20571040,56,44205.116021
PackageInstalle-1791,8388608,W,20571096,120,44205.116027
PackageInstalle-1791,8388608,W,20571216,56,44205.116031
PackageInstalle-1791,8388608,W,20571272,88,44205.116045
PackageInstalle-1791,8388608,W,20571360,24,44205.116056
PackageInstalle-1791,8388608,W,20571384,24,44205.116059
PackageInstalle-1791,8388608,W,20571408,24,44205.116071
PackageInstalle-1791,8388608,W,20571432,24,44205.116082
PackageInstalle-1791,8388608,W,20571456,24,44205.118806
PackageInstalle-1791,8388608,W,20571480,16,44205.11882
PackageInstalle-1791,8388608,W,20571496,16,44205.118825
PackageInstalle-1791,8388608,W,20571512,16,44205.118828
PackageInstalle-1791,8388608,W,20571528,24,44205.118831
PackageInstalle-1791,8388608,W,20571552,24,44205.118835
PackageInstalle-1791,8388608,W,20571576,24,44205.118838
PackageInstalle-1791,8388608,W,20571600,24,44205.118843
PackageInstalle-1791,8388608,W,20571624,88,44205.118848
PackageInstalle-1791,8388608,W,20571712,24,44205.118853
PackageInstalle-1791,8388608,W,20571736,24,44205.118856
PackageInstalle-1791,8388608,W,20571760,24,44205.118859
PackageInstalle-1791,8388608,W,20571784,16,44205.118862
PackageInstalle-1791,8388608,W,20571800,24,44205.118865
PackageInstalle-1791,8388608,W,20571824,24,44205.118868
PackageInstalle-1791,8388608,W,20571848,24,44205.118872
PackageInstalle-1791,8388608,W,20571872,24,44205.118874
PackageInstalle-1791,8388608,W,20571896,24,44205.118877
PackageInstalle-1791,8388608,W,20571920,24,44205.118899
PackageInstalle-1791,8388608,W,20571944,16,44205.118903
PackageInstalle-1791,8388608,W,20571960,24,44205.118906
PackageInstalle-1791,8388608,W,20571984,24,44205.118909
PackageInstalle-1791,8388608,W,20572008,24,44205.118912
PackageInstalle-1791,8388608,W,20572032,24,44205.118916
PackageInstalle-1791,8388608,W,20572056,24,44205.118927
PackageInstalle-1791,8388608,W,20572080,24,44205.118938
PackageInstalle-1791,8388608,W,20572104,24,44205.118944
PackageInstalle-1791,8388608,W,20572128,24,44205.118948
PackageInstalle-1791,8388608,W,20572152,24,44205.118951
PackageInstalle-1791,8388608,W,20572176,24,44205.118956
PackageInstalle-1791,8388608,W,20572200,16,44205.118969
PackageInstalle-1791,8388608,W,20572216,24,44205.118982
PackageInstalle-1791,8388608,W,20572240,24,44205.122478
PackageInstalle-1791,8388608,W,20572264,24,44205.122514
PackageInstalle-1791,8388608,W,20572288,24,44205.12252
PackageInstalle-1791,8388608,W,20572312,24,44205.122523
PackageInstalle-1791,8388608,W,20572336,24,44205.122526
PackageInstalle-1791,8388608,W,20572360,24,44205.122531
PackageInstalle-1791,8388608,W,20572384,24,44205.122534
PackageInstalle-1791,8388608,W,20572408,24,44205.122538
PackageInstalle-1791,8388608,W,20572432,24,44205.122541
PackageInstalle-1791,8388608,W,20572456,24,44205.122544
PackageInstalle-1791,8388608,W,20572480,24,44205.122547
PackageInstalle-1791,8388608,W,20572504,24,44205.12255
PackageInstalle-1791,8388608,W,20572528,24,44205.122553
PackageInstalle-1791,8388608,W,20572552,24,44205.122556
PackageInstalle-1791,8388608,W,20572576,24,44205.122559
PackageInstalle-1791,8388608,W,20572600,24,44205.122562
PackageInstalle-1791,8388608,W,20572624,24,44205.122564
PackageInstalle-1791,8388608,W,20572648,24,44205.122568
PackageInstalle-1791,8388608,W,20572672,24,44205.122587
PackageInstalle-1791,8388608,W,20572696,24,44205.122591
PackageInstalle-1791,8388608,W,20572720,24,44205.122595
PackageInstalle-1791,8388608,W,20572744,24,44205.122607
PackageInstalle-1791,8388608,W,20572768,24,44205.122614
PackageInstalle-1791,8388608,W,20572792,24,44205.122619
PackageInstalle-1791,8388608,W,20572816,184,44205.122623
PackageInstalle-1791,8388608,W,20573000,88,44205.122627
PackageInstalle-1791,8388608,W,20573088,24,44205.122632
PackageInstalle-1791,8388608,W,20573112,24,44205.122635
PackageInstalle-1791,8388608,W,20573136,152,44205.122649
PackageInstalle-1791,8388608,W,20573288,24,44205.12266
PackageInstalle-1791,8388608,W,20573312,24,44205.122664
PackageInstalle-1791,8388608,W,20573336,24,44205.122675
PackageInstalle-1791,8388608,W,20573360,24,44205.126178
PackageInstalle-1791,8388608,W,20573384,24,44205.126211
PackageInstalle-1791,8388608,W,20573408,24,44205.126216
PackageInstalle-1791,8388608,W,20573432,24,44205.126219
PackageInstalle-1791,8388608,W,20573456,56,44205.126223
PackageInstalle-1791,8388608,W,20573512,24,44205.126226
PackageInstalle-1791,8388608,W,20573536,24,44205.126228
PackageInstalle-1791,8388608,W,20573560,24,44205.126231
PackageInstalle-1791,8388608,W,20573584,24,44205.126234
PackageInstalle-1791,8388608,W,20573608,24,44205.126237
PackageInstalle-1791,8388608,W,20573632,24,44205.12624
PackageInstalle-1791,8388608,W,20573656,56,44205.126243
PackageInstalle-1791,8388608,W,20573712,24,44205.126246
PackageInstalle-1791,8388608,W,20573736,24,44205.126251
PackageInstalle-1791,8388608,W,20573760,24,44205.126254
PackageInstalle-1791,8388608,W,20573784,24,44205.126257
PackageInstalle-1791,8388608,W,20573808,24,44205.12626
PackageInstalle-1791,8388608,W,20573832,56,44205.126263
PackageInstalle-1791,8388608,W,20573888,56,44205.126281
PackageInstalle-1791,8388608,W,20573944,56,44205.126286
PackageInstalle-1791,8388608,W,21004080,24,44205.126289
PackageInstalle-1791,8388608,W,21004104,24,44205.126292
PackageInstalle-1791,8388608,W,21004128,56,44205.1263
PackageInstalle-1791,8388608,W,21004184,56,44205.126304
PackageInstalle-1791,8388608,W,21004240,24,44205.126308
PackageInstalle-1791,8388608,W,21004264,24,44205.12632
PackageInstalle-1791,8388608,W,21004288,24,44205.126323
PackageInstalle-1791,8388608,W,21004312,24,44205.126331
PackageInstalle-1791,8388608,W,21004336,24,44205.126342
PackageInstalle-1791,8388608,W,21004360,24,44205.126345
PackageInstalle-1791,8388608,W,21004384,24,44205.126357
PackageInstalle-1791,8388608,W,21004408,16,44205.12636
kworker/5:1H-437,8388608,W,21004424,24,44205.128575
kworker/5:1H-437,8388608,W,21004448,24,44205.128587
kworker/5:1H-437,8388608,W,21004472,24,44205.12859
kworker/5:1H-437,8388608,W,21004496,24,44205.128593
kworker/5:1H-437,8388608,W,21004520,24,44205.128597
kworker/5:1H-437,8388608,W,21004544,24,44205.1286
kworker/5:1H-437,8388608,W,21004568,24,44205.128603
kworker/5:1H-437,8388608,W,21004592,24,44205.128607
kworker/5:1H-437,8388608,W,21004616,56,44205.12861
kworker/5:1H-437,8388608,W,21004672,24,44205.128613
kworker/5:1H-437,8388608,W,21004696,16,44205.128616
kworker/5:1H-437,8388608,W,21004712,56,44205.12862
kworker/5:1H-437,8388608,W,21004768,56,44205.128623
kworker/5:1H-437,8388608,W,21004824,24,44205.128628
kworker/5:1H-437,8388608,W,21004848,24,44205.12863
kworker/5:1H-437,8388608,W,21004872,24,44205.128633
kworker/5:1H-437,8388608,W,21004896,24,44205.128636
kworker/5:1H-437,8388608,W,21004920,24,44205.128639
kworker/5:1H-437,8388608,W,21004944,24,44205.128642
kworker/5:1H-437,8388608,W,21004968,24,44205.12866
kworker/5:1H-437,8388608,W,21004992,24,44205.128669
PackageInstalle-1791,8388608,W,21005016,24,44205.132589
PackageInstalle-1791,8388608,W,21005040,24,44205.132623
PackageInstalle-1791,8388608,W,21005064,24,44205.132629
PackageInstalle-1791,8388608,W,21005088,24,44205.132632
PackageInstalle-1791,8388608,W,21005112,152,44205.132636
PackageInstalle-1791,8388608,W,21005264,24,44205.132641
PackageInstalle-1791,8388608,W,21005288,24,44205.132645
PackageInstalle-1791,8388608,W,21005312,24,44205.132648
PackageInstalle-1791,8388608,W,21005336,24,44205.132653
PackageInstalle-1791,8388608,W,21005360,88,44205.132656
PackageInstalle-1791,8388608,W,21005448,24,44205.132659
PackageInstalle-1791,8388608,W,21005472,24,44205.132664
PackageInstalle-1791,8388608,W,21005496,24,44205.132667
PackageInstalle-1791,8388608,W,21005520,24,44205.13267
PackageInstalle-1791,8388608,W,21005544,56,44205.132674
PackageInstalle-1791,8388608,W,21005600,88,44205.132696
PackageInstalle-1791,8388608,W,21005688,24,44205.132701
PackageInstalle-1791,8388608,W,21005712,248,44205.13271
PackageInstalle-1791,8388608,W,21005960,24,44205.132715
PackageInstalle-1791,8388608,W,21005984,56,44205.132719
PackageInstalle-1791,8388608,W,21006040,56,44205.132724
PackageInstalle-1791,8388608,W,21006096,24,44205.132727
PackageInstalle-1791,8388608,W,21006120,24,44205.13273
PackageInstalle-1791,8388608,W,21006144,24,44205.132735
PackageInstalle-1791,8388608,W,21006168,56,44205.132738
PackageInstalle-1791,8388608,W,21006224,16,44205.132741
PackageInstalle-1791,8388608,W,21006240,8,44205.132744
PackageInstalle-1791,8388608,W,21006248,88,44205.132762
PackageInstalle-1791,8388608,W,21006336,24,44205.132767
PackageInstalle-1791,8388608,W,21006360,16,44205.13277
PackageInstalle-1791,8388608,W,21006376,32,44205.132774
PackageInstalle-1791,8388608,W,21006408,24,44205.132779
PackageInstalle-1791,8388608,W,21006432,24,44205.138454
PackageInstalle-1791,8388608,W,21006456,24,44205.138471
PackageInstalle-1791,8388608,W,21006480,24,44205.138475
PackageInstalle-1791,8388608,W,21006504,56,44205.138479
PackageInstalle-1791,8388608,W,21006560,24,44205.138485
PackageInstalle-1791,8388608,W,21006584,24,44205.138488
PackageInstalle-1791,8388608,W,21006608,16,44205.138492
PackageInstalle-1791,8388608,W,21006624,16,44205.138495
PackageInstalle-1791,8388608,W,21006640,24,44205.138498
PackageInstalle-1791,8388608,W,21006664,24,44205.138501
PackageInstalle-1791,8388608,W,21006688,24,44205.138504
PackageInstalle-1791,8388608,W,21006712,152,44205.138508
PackageInstalle-1791,8388608,W,21006864,56,44205.138513
PackageInstalle-1791,8388608,W,21006920,56,44205.138517
PackageInstalle-1791,8388608,W,21006976,24,44205.138521
PackageInstalle-1791,8388608,W,21007000,24,44205.138524
PackageInstalle-1791,8388608,W,21007024,24,44205.138546
PackageInstalle-1791,8388608,W,21007048,24,44205.138551
PackageInstalle-1791,8388608,W,21007072,24,44205.138554
PackageInstalle-1791,8388608,W,21007096,24,44205.138557
PackageInstalle-1791,8388608,W,21007120,24,44205.138571
PackageInstalle-1791,8388608,W,21007144,56,44205.138586
PackageInstalle-1791,8388608,W,21007200,88,44205.13859
PackageInstalle-1791,8388608,W,21007288,120,44205.138606
PackageInstalle-1791,8388608,W,21007408,24,44205.138611
PackageInstalle-1791,8388608,W,21007432,920,44205.138616
PackageInstalle-1791,8388608,W,21008352,152,44205.141669
PackageInstalle-1791,8388608,W,21008504,24,44205.141686
PackageInstalle-1791,8388608,W,21008528,24,44205.141691
PackageInstalle-1791,8388608,W,21008552,16,44205.141696
PackageInstalle-1791,8388608,W,21008568,16,44205.1417
PackageInstalle-1791,8388608,W,21008584,24,44205.141703
PackageInstalle-1791,8388608,W,21008608,16,44205.141706
PackageInstalle-1791,8388608,W,21008624,24,44205.141709
PackageInstalle-1791,8388608,W,21008648,16,44205.141712
PackageInstalle-1791,8388608,W,21008664,16,44205.141716
PackageInstalle-1791,8388608,W,21008680,16,44205.141719
PackageInstalle-1791,8388608,W,21008696,16,44205.141722
PackageInstalle-1791,8388608,W,21008712,16,44205.141726
PackageInstalle-1791,8388608,W,21008728,16,44205.141729
PackageInstalle-1791,8388608,W,21008744,24,44205.141733
PackageInstalle-1791,8388608,W,21008768,24,44205.141736
PackageInstalle-1791,8388608,W,21008792,56,44205.141741
PackageInstalle-1791,8388608,W,21008848,24,44205.141745
PackageInstalle-1791,8388608,W,21008872,16,44205.141748
PackageInstalle-1791,8388608,W,21008888,440,44205.141753
PackageInstalle-1791,8388608,W,21009328,248,44205.144789
PackageInstalle-1791,8388608,W,21009576,184,44205.144805
PackageInstalle-1791,8388608,W,21009760,24,44205.14481
PackageInstalle-1791,8388608,W,21009784,120,44205.144814
PackageInstalle-1791,8388608,W,21009904,24,44205.14482
PackageInstalle-1791,8388608,W,21009928,16,44205.144823
PackageInstalle-1791,8388608,W,21009944,32,44205.144827
PackageInstalle-1791,8388608,W,21009976,24,44205.14483
PackageInstalle-1791,8388608,W,21010000,24,44205.144833
PackageInstalle-1791,8388608,W,21010024,24,44205.144838
PackageInstalle-1791,8388608,W,21010048,24,44205.144842
PackageInstalle-1791,8388608,W,21010072,16,44205.144845
PackageInstalle-1791,8388608,W,21010088,152,44205.144848
PackageInstalle-1791,8388608,W,21010240,16,44205.144853
PackageInstalle-1791,8388608,W,21010256,120,44205.144856
PackageInstalle-1791,8388608,W,21010376,24,44205.144861
PackageInstalle-1791,8388608,W,21010400,24,44205.144864
PackageInstalle-1791,8388608,W,21010424,280,44205.144868
PackageInstalle-1791,8388608,W,21010704,24,44205.147464
PackageInstalle-1791,8388608,W,21010728,16,44205.147478
PackageInstalle-1791,8388608,W,21010744,16,44205.147482
PackageInstalle-1791,8388608,W,21010760,16,44205.147487
PackageInstalle-1791,8388608,W,21010776,24,44205.147492
PackageInstalle-1791,8388608,W,21010800,16,44205.147497
PackageInstalle-1791,8388608,W,21010816,56,44205.1475
PackageInstalle-1791,8388608,W,21010872,184,44205.147504
PackageInstalle-1791,8388608,W,21011056,16,44205.147522
PackageInstalle-1791,8388608,W,21011072,16,44205.147527
PackageInstalle-1791,8388608,W,21011088,16,44205.14753
PackageInstalle-1791,8388608,W,21011104,24,44205.147534
PackageInstalle-1791,8388608,W,21011128,16,44205.147537
PackageInstalle-1791,8388608,W,21011144,24,44205.147542
PackageInstalle-1791,8388608,W,21011168,24,44205.147545
PackageInstalle-1791,8388608,W,21011192,24,44205.147551
PackageInstalle-1791,8388608,W,21011216,24,44205.147554
PackageInstalle-1791,8388608,W,21011240,24,44205.147559
PackageInstalle-1791,8388608,W,21011264,24,44205.147565
PackageInstalle-1791,8388608,W,21011288,16,44205.147568
PackageInstalle-1791,8388608,W,21011304,16,44205.147572
PackageInstalle-1791,8388608,W,21011320,16,44205.147585
PackageInstalle-1791,8388608,W,21011336,16,44205.147589
PackageInstalle-1791,8388608,W,21011352,16,44205.147595
PackageInstalle-1791,8388608,W,21011368,16,44205.147599
PackageInstalle-1791,8388608,W,21011384,16,44205.147603
PackageInstalle-1791,8388608,W,21011400,16,44205.147611
PackageInstalle-1791,8388608,W,21011416,16,44205.147614
PackageInstalle-1791,8388608,W,21011432,16,44205.147619
PackageInstalle-1791,8388608,W,21011448,16,44205.147629
PackageInstalle-1791,8388608,W,21011464,16,44205.147633
PackageInstalle-1791,8388608,W,21011480,88,44205.147636
PackageInstalle-1791,8388608,W,21011568,56,44205.151306
PackageInstalle-1791,8388608,W,21011624,24,44205.151322
PackageInstalle-1791,8388608,W,21011648,24,44205.151344
PackageInstalle-1791,8388608,W,21011672,16,44205.151349
PackageInstalle-1791,8388608,W,21011688,56,44205.151354
PackageInstalle-1791,8388608,W,21011744,24,44205.151359
PackageInstalle-1791,8388608,W,21011768,16,44205.151362
PackageInstalle-1791,8388608,W,21011784,16,44205.151367
PackageInstalle-1791,8388608,W,21011800,24,44205.151371
PackageInstalle-1791,8388608,W,21011824,56,44205.151374
PackageInstalle-1791,8388608,W,21011880,184,44205.151389
PackageInstalle-1791,8388608,W,21012064,24,44205.151394
PackageInstalle-1791,8388608,W,21012088,56,44205.151398
PackageInstalle-1791,8388608,W,21012144,128,44205.151401
PackageInstalle-1791,8388608,W,21016368,152,44205.151405
PackageInstalle-1791,8388608,W,21016520,56,44205.15141
PackageInstalle-1791,8388608,W,21016576,24,44205.151413
PackageInstalle-1791,8388608,W,21016600,16,44205.151416
PackageInstalle-1791,8388608,W,21016616,16,44205.151419
PackageInstalle-1791,8388608,W,21016632,16,44205.151422
PackageInstalle-1791,8388608,W,21016648,32,44205.151426
PackageInstalle-1791,8388608,W,21016680,120,44205.15143
PackageInstalle-1791,8388608,W,21016800,24,44205.151434
PackageInstalle-1791,8388608,W,21016824,24,44205.151437
PackageInstalle-1791,8388608,W,21016848,280,44205.151441
PackageInstalle-1791,8388608,W,21017128,24,44205.155236
PackageInstalle-1791,8388608,W,21017152,16,44205.155272
PackageInstalle-1791,8388608,W,21017168,16,44205.155278
PackageInstalle-1791,8388608,W,21017184,16,44205.155281
PackageInstalle-1791,8388608,W,21017200,152,44205.155286
PackageInstalle-1791,8388608,W,21017352,16,44205.155291
PackageInstalle-1791,8388608,W,21017368,64,44205.155296
PackageInstalle-1791,8388608,W,21017432,24,44205.155299
PackageInstalle-1791,8388608,W,21017456,24,44205.155303
PackageInstalle-1791,8388608,W,21017480,24,44205.155307
PackageInstalle-1791,8388608,W,21017504,88,44205.155312
PackageInstalle-1791,8388608,W,21017592,88,44205.155318
PackageInstalle-1791,8388608,W,21017680,88,44205.155321
PackageInstalle-1791,8388608,W,21017768,24,44205.155365
PackageInstalle-1791,8388608,W,21017792,88,44205.155369
PackageInstalle-1791,8388608,W,21017880,24,44205.155372
PackageInstalle-1791,8388608,W,21017904,24,44205.155376
PackageInstalle-1791,8388608,W,21017928,24,44205.155379
PackageInstalle-1791,8388608,W,21017952,24,44205.155382
PackageInstalle-1791,8388608,W,21017976,24,44205.155385
PackageInstalle-1791,8388608,W,21018000,24,44205.155398
PackageInstalle-1791,8388608,W,21018024,24,44205.155402
PackageInstalle-1791,8388608,W,21018048,88,44205.155406
PackageInstalle-1791,8388608,W,21018136,24,44205.155418
PackageInstalle-1791,8388608,W,21018160,24,44205.155423
PackageInstalle-1791,8388608,W,21018184,24,44205.155427
PackageInstalle-1791,8388608,W,21018208,24,44205.15543
PackageInstalle-1791,8388608,W,21018232,24,44205.155433
PackageInstalle-1791,8388608,W,21018256,24,44205.155436
PackageInstalle-1791,8388608,W,21018280,24,44205.155439
PackageInstalle-1791,8388608,W,21018304,24,44205.155442
PackageInstalle-1791,8388608,W,21018328,24,44205.155445
PackageInstalle-1791,8388608,W,21018352,24,44205.15879
PackageInstalle-1791,8388608,W,21018376,24,44205.158824
PackageInstalle-1791,8388608,W,21018400,24,44205.158831
PackageInstalle-1791,8388608,W,21018424,24,44205.158834
PackageInstalle-1791,8388608,W,21018448,24,44205.158839
PackageInstalle-1791,8388608,W,21018472,120,44205.158842
PackageInstalle-1791,8388608,W,21018592,24,44205.158848
PackageInstalle-1791,8388608,W,21018616,56,44205.158851
PackageInstalle-1791,8388608,W,21018672,24,44205.158854
PackageInstalle-1791,8388608,W,21018696,24,44205.158857
PackageInstalle-1791,8388608,W,21018720,24,44205.158861
PackageInstalle-1791,8388608,W,21018744,56,44205.158864
PackageInstalle-1791,8388608,W,21018800,24,44205.158869
PackageInstalle-1791,8388608,W,21018824,24,44205.158872
PackageInstalle-1791,8388608,W,21018848,24,44205.158875
PackageInstalle-1791,8388608,W,21018872,24,44205.15889
PackageInstalle-1791,8388608,W,21018896,24,44205.158895
PackageInstalle-1791,8388608,W,21018920,88,44205.158906
PackageInstalle-1791,8388608,W,21019008,56,44205.15891
PackageInstalle-1791,8388608,W,21019064,88,44205.158918
PackageInstalle-1791,8388608,W,21019152,24,44205.158923
PackageInstalle-1791,8388608,W,21019176,24,44205.158927
PackageInstalle-1791,8388608,W,21019200,24,44205.158929
PackageInstalle-1791,8388608,W,21019224,24,44205.158935
PackageInstalle-1791,8388608,W,21019248,16,44205.158938
PackageInstalle-1791,8388608,W,21019264,24,44205.158941
PackageInstalle-1791,8388608,W,21019288,56,44205.158946
PackageInstalle-1791,8388608,W,21019344,24,44205.15895
PackageInstalle-1791,8388608,W,21019368,24,44205.158953
PackageInstalle-1791,8388608,W,21019392,16,44205.158956
PackageInstalle-1791,8388608,W,21019408,16,44205.158959
PackageInstalle-1791,8388608,W,21019424,16,44205.158962
PackageInstalle-1791,8388608,W,21019440,16,44205.160845
PackageInstalle-1791,8388608,W,21019456,24,44205.160859
PackageInstalle-1791,8388608,W,21019480,24,44205.160863
PackageInstalle-1791,8388608,W,21019504,24,44205.160868
PackageInstalle-1791,8388608,W,21019528,24,44205.160874
PackageInstalle-1791,8388608,W,21019552,16,44205.160879
PackageInstalle-1791,8388608,W,21019568,16,44205.160882
PackageInstalle-1791,8388608,W,21019584,24,44205.160885
PackageInstalle-1791,8388608,W,21019608,24,44205.160899
PackageInstalle-1791,8388608,W,21019632,24,44205.160907
PackageInstalle-1791,8388608,W,21019656,24,44205.160911
PackageInstalle-1791,8388608,W,21019680,24,44205.160923
PackageInstalle-1791,8388608,W,21019704,16,44205.160927
PackageInstalle-1791,8388608,W,21019720,24,44205.16093
PackageInstalle-1791,8388608,W,21019744,24,44205.160933
PackageInstalle-1791,8388608,W,21019768,24,44205.160944
PackageInstalle-1791,8388608,W,21019792,24,44205.160952
PackageInstalle-1791,8388608,W,21019816,16,44205.160956
PackageInstalle-1791,8388608,W,21019832,56,44205.16096
PackageInstalle-1791,8388608,W,21019888,280,44205.160972
PackageInstalle-1791,8388608,W,21020168,24,44205.16306
PackageInstalle-1791,8388608,W,21020192,16,44205.163093
PackageInstalle-1791,8388608,W,21020208,24,44205.163099
PackageInstalle-1791,8388608,W,21020232,16,44205.163102
PackageInstalle-1791,8388608,W,21020248,16,44205.163105
PackageInstalle-1791,8388608,W,21020264,16,44205.163108
PackageInstalle-1791,8388608,W,21020280,24,44205.163111
PackageInstalle-1791,8388608,W,21020304,16,44205.163114
PackageInstalle-1791,8388608,W,21020320,16,44205.163117
PackageInstalle-1791,8388608,W,21020336,16,44205.16312
PackageInstalle-1791,8388608,W,21020352,24,44205.163123
PackageInstalle-1791,8388608,W,21020376,16,44205.163127
PackageInstalle-1791,8388608,W,21020392,24,44205.16313
PackageInstalle-1791,8388608,W,21020416,24,44205.163133
PackageInstalle-1791,8388608,W,21020440,16,44205.163137
PackageInstalle-1791,8388608,W,21020456,8,44205.16314
PackageInstalle-1791,8388608,W,21024560,8,44205.163143
PackageInstalle-1791,8388608,W,21024568,16,44205.163146
PackageInstalle-1791,8388608,W,21024584,16,44205.163149
PackageInstalle-1791,8388608,W,21024600,16,44205.163167
PackageInstalle-1791,8388608,W,21024616,16,44205.163172
PackageInstalle-1791,8388608,W,21024632,24,44205.163175
PackageInstalle-1791,8388608,W,21024656,24,44205.163178
PackageInstalle-1791,8388608,W,21024680,24,44205.163181
PackageInstalle-1791,8388608,W,21024704,16,44205.163186
PackageInstalle-1791,8388608,W,21024720,16,44205.163189
PackageInstalle-1791,8388608,W,21024736,64,44205.163192
PackageInstalle-1791,8388608,W,21024800,24,44205.163197
PackageInstalle-1791,8388608,W,21024824,16,44205.163202
PackageInstalle-1791,8388608,W,21024840,16,44205.163205
PackageInstalle-1791,8388608,W,21024856,16,44205.163208
PackageInstalle-1791,8388608,W,21024872,16,44205.163213
PackageInstalle-1791,8388608,W,21024888,8,44205.165849
PackageInstalle-1791,8388608,W,21024896,16,44205.165883
PackageInstalle-1791,8388608,W,21024912,24,44205.16589
PackageInstalle-1791,8388608,W,21024936,16,44205.165893
PackageInstalle-1791,8388608,W,21024952,56,44205.165897
PackageInstalle-1791,8388608,W,21025008,16,44205.1659
PackageInstalle-1791,8388608,W,21025024,8,44205.165903
PackageInstalle-1791,8388608,W,21025032,8,44205.165906
PackageInstalle-1791,8388608,W,21025040,8,44205.165911
PackageInstalle-1791,8388608,W,21025048,8,44205.165916
PackageInstalle-1791,8388608,W,21025056,8,44205.165919
PackageInstalle-1791,8388608,W,21025064,16,44205.165924
PackageInstalle-1791,8388608,W,21025080,56,44205.165927
PackageInstalle-1791,8388608,W,21025136,24,44205.16593
PackageInstalle-1791,8388608,W,21025160,24,44205.165934
PackageInstalle-1791,8388608,W,21025184,24,44205.165951
PackageInstalle-1791,8388608,W,21025208,24,44205.165957
PackageInstalle-1791,8388608,W,21025232,24,44205.16596
PackageInstalle-1791,8388608,W,21025256,24,44205.165963
PackageInstalle-1791,8388608,W,21025280,24,44205.165966
PackageInstalle-1791,8388608,W,21025304,24,44205.165974
PackageInstalle-1791,8388608,W,21025328,24,44205.165979
PackageInstalle-1791,8388608,W,21025352,56,44205.166011
PackageInstalle-1791,8388608,W,21025408,24,44205.166016
PackageInstalle-1791,8388608,W,21025432,120,44205.166019
PackageInstalle-1791,8388608,W,21025552,24,44205.166032
PackageInstalle-1791,8388608,W,21025576,56,44205.166042
PackageInstalle-1791,8388608,W,21025632,24,44205.166045
PackageInstalle-1791,8388608,W,21025656,88,44205.166048
PackageInstalle-1791,8388608,W,21025744,24,44205.166053
PackageInstalle-1791,8388608,W,21025768,56,44205.166056
PackageInstalle-1791,8388608,W,21025824,24,44205.166059
PackageInstalle-1791,8388608,W,21025848,24,44205.166898
PackageInstalle-1791,8388608,W,21025872,24,44205.166917
PackageInstalle-1791,8388608,W,21025896,120,44205.166922
PackageInstalle-1791,8388608,W,21026016,16,44205.166927
PackageInstalle-1791,8388608,W,21026032,576,44205.166932
PackageInstalle-1791,8388608,W,21026608,16,44205.169085
PackageInstalle-1791,8388608,W,21026624,16,44205.169102
PackageInstalle-1791,8388608,W,21026640,16,44205.169105
PackageInstalle-1791,8388608,W,21026656,16,44205.169108
PackageInstalle-1791,8388608,W,21026672,16,44205.169111
PackageInstalle-1791,8388608,W,21026688,16,44205.169114
PackageInstalle-1791,8388608,W,21026704,16,44205.169117
PackageInstalle-1791,8388608,W,21026720,16,44205.16912
PackageInstalle-1791,8388608,W,21026736,16,44205.169123
PackageInstalle-1791,8388608,W,21026752,16,44205.169126
PackageInstalle-1791,8388608,W,21026768,16,44205.169129
PackageInstalle-1791,8388608,W,21026784,16,44205.169153
PackageInstalle-1791,8388608,W,21026800,16,44205.169157
PackageInstalle-1791,8388608,W,21026816,16,44205.169161
PackageInstalle-1791,8388608,W,21026832,16,44205.169165
PackageInstalle-1791,8388608,W,21026848,16,44205.169168
PackageInstalle-1791,8388608,W,21026864,16,44205.169187
PackageInstalle-1791,8388608,W,21026880,16,44205.16919
PackageInstalle-1791,8388608,W,21026896,16,44205.169193
PackageInstalle-1791,8388608,W,21026912,16,44205.169196
PackageInstalle-1791,8388608,W,21026928,16,44205.169209
PackageInstalle-1791,8388608,W,21026944,16,44205.169213
PackageInstalle-1791,8388608,W,21026960,16,44205.169216
PackageInstalle-1791,8388608,W,21026976,16,44205.169219
PackageInstalle-1791,8388608,W,21026992,16,44205.169222
PackageInstalle-1791,8388608,W,21027008,16,44205.169225
PackageInstalle-1791,8388608,W,21027024,16,44205.169228
PackageInstalle-1791,8388608,W,21027040,16,44205.169231
PackageInstalle-1791,8388608,W,21027056,16,44205.169234
PackageInstalle-1791,8388608,W,21027072,16,44205.169237
PackageInstalle-1791,8388608,W,21027088,16,44205.16924
PackageInstalle-1791,8388608,W,21027104,16,44205.169242
PackageInstalle-1791,8388608,W,21027120,16,44205.171427
PackageInstalle-1791,8388608,W,21027136,16,44205.171443
PackageInstalle-1791,8388608,W,21027152,16,44205.171447
PackageInstalle-1791,8388608,W,21027168,16,44205.17145
PackageInstalle-1791,8388608,W,21027184,16,44205.171453
PackageInstalle-1791,8388608,W,21027200,16,44205.171458
PackageInstalle-1791,8388608,W,21027216,16,44205.17146
PackageInstalle-1791,8388608,W,21027232,16,44205.171463
PackageInstalle-1791,8388608,W,21027248,16,44205.171466
PackageInstalle-1791,8388608,W,21027264,16,44205.171469
PackageInstalle-1791,8388608,W,21027280,16,44205.171472
PackageInstalle-1791,8388608,W,21027296,16,44205.171475
PackageInstalle-1791,8388608,W,21027312,16,44205.171478
PackageInstalle-1791,8388608,W,21027328,16,44205.171481
PackageInstalle-1791,8388608,W,21027344,16,44205.171484
PackageInstalle-1791,8388608,W,21027360,16,44205.171487
PackageInstalle-1791,8388608,W,21027376,16,44205.17149
PackageInstalle-1791,8388608,W,21027392,16,44205.171493
PackageInstalle-1791,8388608,W,21027408,16,44205.171496
PackageInstalle-1791,8388608,W,21027424,16,44205.171499
PackageInstalle-1791,8388608,W,21027440,16,44205.171502
PackageInstalle-1791,8388608,W,21027456,16,44205.171504
PackageInstalle-1791,8388608,W,21027472,16,44205.171508
PackageInstalle-1791,8388608,W,21027488,16,44205.17151
PackageInstalle-1791,8388608,W,21027504,16,44205.171514
PackageInstalle-1791,8388608,W,21027520,16,44205.171517
PackageInstalle-1791,8388608,W,21027536,16,44205.17152
PackageInstalle-1791,8388608,W,21027552,16,44205.171523
PackageInstalle-1791,8388608,W,21027568,16,44205.171526
PackageInstalle-1791,8388608,W,21027584,16,44205.171529
PackageInstalle-1791,8388608,W,21027600,16,44205.171533
kworker/5:1H-437,8388608,W,21027616,16,44205.171649
PackageInstalle-1791,8388608,W,21027632,16,44205.174358
PackageInstalle-1791,8388608,W,21027648,16,44205.174392
PackageInstalle-1791,8388608,W,21027664,16,44205.174404
PackageInstalle-1791,8388608,W,21027680,16,44205.174408
PackageInstalle-1791,8388608,W,21027696,16,44205.174412
PackageInstalle-1791,8388608,W,21027712,16,44205.174415
PackageInstalle-1791,8388608,W,21027728,16,44205.174418
PackageInstalle-1791,8388608,W,21027744,16,44205.174421
PackageInstalle-1791,8388608,W,21027760,16,44205.174435
PackageInstalle-1791,8388608,W,21027776,24,44205.174439
PackageInstalle-1791,8388608,W,21027800,24,44205.174451
PackageInstalle-1791,8388608,W,21027824,56,44205.174455
PackageInstalle-1791,8388608,W,21027880,56,44205.174458
PackageInstalle-1791,8388608,W,21027936,24,44205.174461
PackageInstalle-1791,8388608,W,21027960,24,44205.174479
PackageInstalle-1791,8388608,W,21027984,24,44205.174484
PackageInstalle-1791,8388608,W,21028008,24,44205.174489
PackageInstalle-1791,8388608,W,21028032,24,44205.174492
PackageInstalle-1791,8388608,W,21028056,24,44205.174497
PackageInstalle-1791,8388608,W,21028080,56,44205.174501
PackageInstalle-1791,8388608,W,21028136,56,44205.174504
PackageInstalle-1791,8388608,W,21028192,24,44205.174507
PackageInstalle-1791,8388608,W,21028216,24,44205.17451
PackageInstalle-1791,8388608,W,21028240,24,44205.174513
PackageInstalle-1791,8388608,W,21028264,24,44205.174516
PackageInstalle-1791,8388608,W,21028288,24,44205.17452
PackageInstalle-1791,8388608,W,21028312,56,44205.174524
PackageInstalle-1791,8388608,W,21028368,24,44205.17453
PackageInstalle-1791,8388608,W,21028392,24,44205.174533
PackageInstalle-1791,8388608,W,21028416,24,44205.174536
PackageInstalle-1791,8388608,W,21028440,24,44205.174539
PackageInstalle-1791,8388608,W,21028464,24,44205.174545
PackageInstalle-1791,8388608,W,21028488,16,44205.175937
PackageInstalle-1791,8388608,W,21028504,16,44205.175952
PackageInstalle-1791,8388608,W,21028520,16,44205.175956
PackageInstalle-1791,8388608,W,21028536,16,44205.17596
PackageInstalle-1791,8388608,W,21028552,16,44205.175964
PackageInstalle-1791,8388608,W,21028568,8,44205.175969
PackageInstalle-1791,8388608,W,21028576,8,44205.175972
PackageInstalle-1791,8388608,W,21028584,16,44205.175975
PackageInstalle-1791,8388608,W,21028600,8,44205.17598
PackageInstalle-1791,8388608,W,21028608,8,44205.175983
PackageInstalle-1791,8388608,W,21028616,8,44205.175986
PackageInstalle-1791,8388608,W,21028624,8,44205.17599
PackageInstalle-1791,8388608,W,21028632,8,44205.175995
PackageInstalle-1791,8388608,W,21028640,8,44205.175997
PackageInstalle-1791,8388608,W,21028648,8,44205.176001
PackageInstalle-1791,8388608,W,21036848,8,44205.176003
PackageInstalle-1791,8388608,W,21036856,8,44205.176007
PackageInstalle-1791,8388608,W,21036864,8,44205.17601
PackageInstalle-1791,8388608,W,21036872,8,44205.176012
PackageInstalle-1791,8388608,W,21036880,16,44205.176016
PackageInstalle-1791,8388608,W,21036896,8,44205.176019
PackageInstalle-1791,8388608,W,21036904,16,44205.176021
PackageInstalle-1791,8388608,W,21036920,16,44205.176026
PackageInstalle-1791,8388608,W,21036936,16,44205.176029
PackageInstalle-1791,8388608,W,21036952,16,44205.176035
PackageInstalle-1791,8388608,W,21036968,16,44205.17604
PackageInstalle-1791,8388608,W,21036984,16,44205.176043
PackageInstalle-1791,8388608,W,21037000,8,44205.176046
PackageInstalle-1791,8388608,W,21037008,8,44205.176049
PackageInstalle-1791,8388608,W,21037016,8,44205.176053
PackageInstalle-1791,8388608,W,21037024,8,44205.176056
kworker/5:1H-437,8388608,W,21037032,8,44205.176105
PackageInstalle-1791,8388608,W,21037040,8,44205.176303
PackageInstalle-1791,8388608,W,21037048,8,44205.176309
PackageInstalle-1791,8388608,W,21037056,8,44205.176314
PackageInstalle-1791,8388608,W,21037064,8,44205.176318
PackageInstalle-1791,8388608,W,21037072,8,44205.176321
PackageInstalle-1791,8388608,W,21037080,8,44205.176324
PackageInstalle-1791,8388608,W,21037088,16,44205.176327
f2fs_ckpt-254:4-648,8388608,W,47862800,8,44205.177061
f2fs_ckpt-254:4-648,8388608,W,47862808,8,44205.177177
f2fs_ckpt-254:4-648,8388608,W,47862816,8,44205.177239
kworker/2:1H-225,8388608,W,26259480,8,44205.177449
kworker/2:1H-225,8388608,W,47866624,80,44205.177532
kworker/2:1H-225,8388608,W,27030632,8,44205.177598
f2fs_ckpt-254:4-648,8388608,W,18333504,8,44205.178165
f2fs_ckpt-254:4-648,8388608,W,18333528,8,44205.17818
f2fs_ckpt-254:4-648,8388608,W,18333760,8,44205.178192
f2fs_ckpt-254:4-648,8388608,W,18334496,8,44205.178204
f2fs_ckpt-254:4-648,8388608,W,18345832,8,44205.178214
f2fs_ckpt-254:4-648,8388608,W,18346016,8,44205.178225
f2fs_ckpt-254:4-648,8388608,W,18350456,8,44205.178236
f2fs_ckpt-254:4-648,8388608,W,18350504,8,44205.178247
f2fs_ckpt-254:4-648,8388608,W,18358064,8,44205.178258
f2fs_ckpt-254:4-648,8388608,W,18366440,8,44205.178267
f2fs_ckpt-254:4-648,8388608,W,18826080,8,44205.178276
f2fs_ckpt-254:4-648,8388608,W,18827528,8,44205.178286
f2fs_ckpt-254:4-648,8388608,W,18828376,16,44205.178297
f2fs_ckpt-254:4-648,8388608,W,18828400,8,44205.178308
f2fs_ckpt-254:4-648,8388608,W,18828416,8,44205.178317
f2fs_ckpt-254:4-648,8388608,W,18991744,8,44205.178326
f2fs_ckpt-254:4-648,8388608,W,19082608,8,44205.178336
f2fs_ckpt-254:4-648,8388608,W,19085336,8,44205.178345
f2fs_ckpt-254:4-648,8388608,W,18325296,24,44205.178423
kworker/0:0H-5,8388608,W,18325320,8,44205.181841
android.io-1683,8388608,W,47862824,8,44205.282062
kworker/0:0H-5,8388608,W,47866704,8,44205.282551
PackageManager-1738,8388608,W,93901496,392,44205.538915
kworker/u17:3-4922,8388608,W,93901496,392,44205.539757
f2fs_ckpt-254:4-648,8388608,W,47862832,8,44205.540175
f2fs_ckpt-254:4-648,8388608,W,47862840,8,44205.540283
f2fs_ckpt-254:4-648,8388608,W,47862848,8,44205.540355
f2fs_ckpt-254:4-648,8388608,W,47862856,8,44205.540446
kworker/2:1H-225,8388608,W,26259488,56,44205.540773
kworker/2:1H-225,8388608,W,47866712,104,44205.54088
f2fs_ckpt-254:4-648,8388608,W,18333496,8,44205.541347
f2fs_ckpt-254:4-648,8388608,W,18333728,8,44205.541362
f2fs_ckpt-254:4-648,8388608,W,18345792,8,44205.541375
f2fs_ckpt-254:4-648,8388608,W,18346784,8,44205.541388
f2fs_ckpt-254:4-648,8388608,W,18348424,8,44205.541397
f2fs_ckpt-254:4-648,8388608,W,18350064,8,44205.541409
f2fs_ckpt-254:4-648,8388608,W,18362160,8,44205.541421
f2fs_ckpt-254:4-648,8388608,W,18370536,8,44205.541433
f2fs_ckpt-254:4-648,8388608,W,18991744,8,44205.541443
f2fs_ckpt-254:4-648,8388608,W,18329392,24,44205.541523
kworker/0:0H-5,8388608,W,18329416,8,44205.544071
PackageManager-1738,8388608,W,93901888,392,44205.548621
kworker/4:1H-218,8388608,W,47866816,8,44205.549088
PackageManager-1738,8388608,W,47862864,16,44205.549667
PackageManager-1738,8388608,W,47862880,16,44205.55062
PackageManager-1738,8388608,W,93902280,400,44205.616998
kworker/u17:3-4922,8388608,W,93902280,400,44205.618253
kworker/5:1H-437,8388608,W,47866824,8,44205.618934
PackageManager-1738,8388608,W,93902680,400,44205.622352
kworker/4:1H-218,8388608,W,47866832,8,44205.623185
PackageManager-1738,8388608,W,47862896,16,44205.624319
PackageManager-1738,8388608,W,47862912,16,44205.624674
PackageManager-1738,8388608,W,47862928,48,44205.643436
kworker/u17:3-4922,8388608,W,47862928,48,44205.644603
kworker/4:1H-218,8388608,W,47866840,8,44205.644953
PackageManagerB-1732,8388608,W,47862976,40,44205.657918
f2fs_ckpt-254:4-648,8388608,W,47863016,24,44205.658247
f2fs_ckpt-254:4-648,8388608,W,47863040,32,44205.658413
f2fs_ckpt-254:4-648,8388608,W,47863072,8,44205.658514
f2fs_ckpt-254:4-648,8388608,W,47863080,8,44205.658631
f2fs_ckpt-254:4-648,8388608,W,47863088,8,44205.658695
kworker/3:1H-227,8388608,W,26259544,56,44205.659036
kworker/3:1H-227,8388608,W,47866848,88,44205.659134
f2fs_ckpt-254:4-648,8388608,W,18333504,8,44205.659841
f2fs_ckpt-254:4-648,8388608,W,18334496,8,44205.6599
f2fs_ckpt-254:4-648,8388608,W,18336136,8,44205.659917
f2fs_ckpt-254:4-648,8388608,W,18337776,8,44205.65993
f2fs_ckpt-254:4-648,8388608,W,18345776,16,44205.659942
f2fs_ckpt-254:4-648,8388608,W,18346016,8,44205.659955
f2fs_ckpt-254:4-648,8388608,W,18358064,8,44205.659968
f2fs_ckpt-254:4-648,8388608,W,18366144,8,44205.659979
f2fs_ckpt-254:4-648,8388608,W,18366440,8,44205.659991
f2fs_ckpt-254:4-648,8388608,W,18991744,8,44205.660002
f2fs_ckpt-254:4-648,8388608,W,18325296,32,44205.660113
kworker/0:0H-5,8388608,W,18325328,8,44205.661746
PackageManagerB-1732,8388608,W,47863096,40,44205.664574
f2fs_ckpt-254:4-648,8388608,W,47863136,8,44205.664811
f2fs_ckpt-254:4-648,8388608,W,47863144,8,44205.664911
f2fs_ckpt-254:4-648,8388608,W,47863152,8,44205.664971
kworker/3:1H-227,8388608,W,26259600,24,44205.665121
kworker/3:1H-227,8388608,W,47866936,40,44205.665356
f2fs_ckpt-254:4-648,8388608,W,18333496,8,44205.665791
f2fs_ckpt-254:4-648,8388608,W,18333728,8,44205.665841
f2fs_ckpt-254:4-648,8388608,W,18346784,8,44205.665855
f2fs_ckpt-254:4-648,8388608,W,18361976,8,44205.665868
f2fs_ckpt-254:4-648,8388608,W,18362160,8,44205.665878
f2fs_ckpt-254:4-648,8388608,W,18370536,8,44205.665891
f2fs_ckpt-254:4-648,8388608,W,18991744,8,44205.665902
f2fs_ckpt-254:4-648,8388608,W,18329392,32,44205.666156
kworker/0:0H-5,8388608,W,18329424,8,44205.667167
PackageManagerB-1732,8388608,W,47863160,16,44205.668507
PackageManagerB-1732,8388608,W,47863176,16,44205.668694
dex2oat-5402,8388608,W,21037104,8,44206.460464
f2fs_ckpt-254:4-648,8388608,W,47863192,24,44206.461217
f2fs_ckpt-254:4-648,8388608,W,47863216,40,44206.461362
f2fs_ckpt-254:4-648,8388608,W,47863256,8,44206.461443
f2fs_ckpt-254:4-648,8388608,W,47863264,8,44206.461568
f2fs_ckpt-254:4-648,8388608,W,47863272,8,44206.461626
f2fs_ckpt-254:4-648,8388608,W,47863280,8,44206.46168
kworker/2:1H-225,8388608,W,26259624,104,44206.462094
kworker/2:1H-225,8388608,W,47866976,120,44206.46216
kworker/2:1H-225,8388608,W,27030640,8,44206.462215
f2fs_ckpt-254:4-648,8388608,W,18333488,8,44206.462721
f2fs_ckpt-254:4-648,8388608,W,18333544,8,44206.462736
f2fs_ckpt-254:4-648,8388608,W,18334496,8,44206.462748
f2fs_ckpt-254:4-648,8388608,W,18345792,8,44206.462762
f2fs_ckpt-254:4-648,8388608,W,18346016,8,44206.462773
f2fs_ckpt-254:4-648,8388608,W,18346048,8,44206.462784
f2fs_ckpt-254:4-648,8388608,W,18358064,8,44206.462795
f2fs_ckpt-254:4-648,8388608,W,18366440,8,44206.462806
f2fs_ckpt-254:4-648,8388608,W,18370544,8,44206.462815
f2fs_ckpt-254:4-648,8388608,W,18991744,8,44206.462823
f2fs_ckpt-254:4-648,8388608,W,18325296,32,44206.462923
kworker/0:0H-5,8388608,W,18325328,8,44206.46573
android.bg-1692,8388608,W,93903080,392,44206.976066
kworker/u17:3-4922,8388608,W,93903080,392,44206.977096
kworker/3:1H-227,8388608,W,47867096,8,44206.98028
android.bg-1692,8388608,W,93903472,392,44206.983504
kworker/3:1H-227,8388608,W,47867104,8,44206.984135
android.bg-1692,8388608,W,47863288,16,44206.985608
android.bg-1692,8388608,W,47863304,16,44206.986365
dex2oat-5402,8388608,W,21037112,1024,44207.111838
kworker/u17:3-4922,8388608,W,21037112,1024,44207.112822
kworker/u17:3-4922,8388608,W,21038136,1024,44207.112845
kworker/u17:3-4922,8388608,W,21039160,1024,44207.112854
dex2oat-5402,8388608,W,21040184,760,44207.113076
dex2oat-5402,8388608,W,21053232,1024,44207.113127
dex2oat-5402,8388608,W,21054256,1024,44207.113183
dex2oat-5402,8388608,W,21055280,1024,44207.113236
dex2oat-5402,8388608,W,21056304,1024,44207.114012
dex2oat-5402,8388608,W,24923952,1024,44207.114036
dex2oat-5402,8388608,W,24924976,1024,44207.114046
dex2oat-5402,8388608,W,24926000,1024,44207.114055
dex2oat-5402,8388608,W,24927024,1024,44207.114795
dex2oat-5402,8388608,W,25984816,1024,44207.114807
dex2oat-5402,8388608,W,25985840,1024,44207.114816
dex2oat-5402,8388608,W,25986864,1024,44207.114826
dex2oat-5402,8388608,W,25987888,1024,44207.115656
dex2oat-5402,8388608,W,26263344,1024,44207.115673
dex2oat-5402,8388608,W,26264368,1024,44207.115683
dex2oat-5402,8388608,W,26265392,1024,44207.115692
dex2oat-5402,8388608,W,26266416,1024,44207.116441
dex2oat-5402,8388608,W,42356528,1024,44207.116456
dex2oat-5402,8388608,W,42357552,1024,44207.116464
dex2oat-5402,8388608,W,42358576,1024,44207.116472
dex2oat-5402,8388608,W,42359600,1024,44207.117243
dex2oat-5402,8388608,W,42368816,1024,44207.117262
dex2oat-5402,8388608,W,42369840,1024,44207.117272
dex2oat-5402,8388608,W,42370864,1024,44207.117281
dex2oat-5402,8388608,W,42371888,1024,44207.118069
dex2oat-5402,8388608,W,42471216,1024,44207.118081
dex2oat-5402,8388608,W,42472240,1024,44207.118089
dex2oat-5402,8388608,W,42473264,1024,44207.118099
dex2oat-5402,8388608,W,42474288,1024,44207.118859
dex2oat-5402,8388608,W,42557232,1024,44207.11887
dex2oat-5402,8388608,W,42558256,1024,44207.118882
kworker/7:1H-91,8388608,W,42559280,1024,44207.119685
kworker/7:1H-91,8388608,W,42560304,1024,44207.121135
kworker/7:1H-91,8388608,W,42655536,1024,44207.12338
dex2oat-5402,8388608,W,42656560,1024,44207.125112
dex2oat-5402,8388608,W,42657584,1024,44207.126823
kworker/7:1H-91,8388608,W,42658608,1024,44207.128934
kworker/7:1H-91,8388608,W,42901296,1024,44207.130633
kworker/7:1H-91,8388608,W,42902320,1024,44207.132213
kworker/7:1H-91,8388608,W,42903344,1024,44207.13487
kworker/7:1H-91,8388608,W,42904368,1024,44207.136208
kworker/7:1H-91,8388608,W,43028272,1024,44207.137751
kworker/7:1H-91,8388608,W,43029296,1024,44207.14003
kworker/7:1H-91,8388608,W,43030320,1024,44207.142316
kworker/7:1H-91,8388608,W,43031344,1024,44207.143537
kworker/7:1H-91,8388608,W,43581232,1024,44207.146054
kworker/7:1H-91,8388608,W,43582256,144,44207.147742
kworker/5:1H-437,8388608,W,47867112,56,44207.212829
dex2oat-5402,8388608,W,21037112,8,44207.220427
kworker/u17:3-4922,8388608,W,21037112,8,44207.221389
kworker/u17:3-4922,8388608,W,43582392,8,44207.221473
kworker/4:1H-218,8388608,W,47867168,16,44207.221806
dex2oat-5402,8388608,W,43582400,1024,44207.222506
dex2oat-5402,8388608,W,43583424,120,44207.222561
kworker/4:1H-218,8388608,W,47867184,8,44207.223698
dex2oat-5402,8388608,W,21037112,8,44207.223877
dex2oat-5402,8388608,W,43583544,376,44207.23248
dex2oat-5402,8388608,W,21037104,8,44207.232541
kworker/5:1H-437,8388608,W,47867192,8,44207.233217
dex2oat-5402,8388608,W,21037104,8,44207.233486
dex2oat-5402,8388608,W,43583920,24,44207.233809
kworker/5:1H-437,8388608,W,47867200,8,44207.234041
dex2oat-5402,8388608,W,43583944,8,44207.23427
kworker/5:1H-437,8388608,W,47867208,8,44207.234497
CompilerStats_D-5413,8388608,W,47863320,8,44207.276107
kworker/5:1H-437,8388608,W,47867216,8,44207.276402
PackageUsage_Di-5412,8388608,W,47863328,16,44207.284061
kworker/u17:3-4922,8388608,W,47863328,16,44207.284923
kworker/5:1H-437,8388608,W,47867224,8,44207.285396
android.io-1683,8388608,W,47863344,8,44207.444638
kworker/u17:3-4922,8388608,W,47863344,8,44207.44559
kworker/1:1H-228,8388608,W,47867232,8,44207.445916
PackageInstalle-1791,8388608,W,47863352,8,44207.45076
kworker/2:1H-225,8388608,W,47867240,8,44207.451593
OverlayManager-1793,8388608,W,47863360,16,44207.467783
kworker/u17:3-4922,8388608,W,47863360,16,44207.468577
kworker/3:1H-227,8388608,W,47867248,8,44207.468866
android.bg-1692,8388608,W,47863376,8,44207.478614
kworker/1:1H-228,8388608,W,47867256,8,44207.478807
kworker/3:1H-227,8388608,W,47863384,8,44207.483498
kworker/3:1H-227,8388608,W,47863392,16,44207.483735
kworker/0:0H-5,8388608,W,47867264,8,44207.484426
backup-0-2841,8388608,W,21380552,8,44207.57742
kworker/5:1H-437,8388608,W,47867272,8,44207.577806
backup-0-2841,8388608,W,47863408,16,44207.579212
kworker/5:1H-437,8388608,W,47867280,8,44207.579357
android.bg-1692,8388608,W,47863424,8,44207.822341
kworker/3:1H-227,8388608,W,47867288,8,44207.822741
kworker/u17:3-4922,8388608,W,47863432,16,44207.895929
kworker/u17:3-4922,8388608,W,47863448,8,44207.895943
kworker/u17:3-4922,8388608,W,47863456,8,44207.895954
kworker/u17:3-4922,8388608,W,47863464,16,44207.895965
kworker/0:0H-5,8388608,W,47867296,8,44207.897133
kworker/4:1H-218,8388608,W,47863480,24,44207.950344
kworker/4:1H-218,8388608,W,47863504,8,44207.950383
kworker/4:1H-218,8388608,W,47863512,24,44207.950428
kworker/4:1H-218,8388608,W,47867304,8,44207.950857
kworker/u16:4-5401,8388608,W,47863536,120,44208.12378
kworker/u17:0-5289,8388608,W,47863536,120,44208.124694
SettingsProvide-1808,8388608,W,47863656,16,44208.220692
kworker/3:1H-227,8388608,W,47867312,8,44208.221045
AsyncTask,8388608,W,47863672,8,44208.225449
kworker/1:1H-228,8388608,W,47867320,8,44208.22637
android.bg-1692,8388608,W,47863680,16,44208.262818
kworker/2:1H-225,8388608,W,47867328,8,44208.26324
android.bg-1692,8388608,W,47863696,16,44208.267928
kworker/u17:3-4922,8388608,W,47863696,16,44208.268736
kworker/2:1H-225,8388608,W,47867336,8,44208.268927
kworker/5:1H-437,8388608,W,47863712,24,44208.349202
kworker/u17:3-4922,8388608,W,47863712,24,44208.350096
kworker/u17:3-4922,8388608,W,47863736,8,44208.350161
kworker/u17:3-4922,8388608,W,47863744,8,44208.350204
kworker/u17:3-4922,8388608,W,47863752,8,44208.350218
kworker/5:1H-437,8388608,W,47867344,8,44208.352525
android.bg-1692,8388608,W,47863760,16,44208.353998
kworker/2:1H-225,8388608,W,47867352,8,44208.354178
kworker/4:1H-218,8388608,W,47863776,16,44208.371107
kworker/u17:3-4922,8388608,W,47863776,16,44208.372101
kworker/u17:3-4922,8388608,W,47863792,8,44208.372134
kworker/u17:3-4922,8388608,W,47863800,8,44208.37214
kworker/u17:3-4922,8388608,W,47863808,16,44208.372146
kworker/0:0H-5,8388608,W,47867360,8,44208.37391
kworker/4:1H-218,8388608,W,47863824,24,44208.391312
kworker/u17:3-4922,8388608,W,47863824,24,44208.392194
kworker/u17:3-4922,8388608,W,47863848,8,44208.39224
kworker/u17:3-4922,8388608,W,47863856,24,44208.392258
kworker/0:0H-5,8388608,W,47867368,8,44208.39289
android.bg-1692,8388608,W,93903864,392,44208.544267
kworker/u17:3-4922,8388608,W,93903864,392,44208.545189
kworker/3:1H-227,8388608,W,47867376,8,44208.545878
android.bg-1692,8388608,W,93904256,392,44208.549793
kworker/0:0H-5,8388608,W,47867384,8,44208.55026
android.bg-1692,8388608,W,47863880,16,44208.552063
android.bg-1692,8388608,W,47863896,16,44208.552988
ackgroundThread-1903,8388608,W,47863912,8,44208.673248
kworker/u17:3-4922,8388608,W,47863912,8,44208.674159
kworker/1:1H-228,8388608,W,47867392,8,44208.674562
ackgroundThread-1903,8388608,W,47863920,8,44208.680475
kworker/1:1H-228,8388608,W,47867400,8,44208.681304
ackgroundThread-1903,8388608,W,47863928,8,44208.682694
ackgroundThread-1903,8388608,W,47863936,8,44208.683274
binder:1657_D-2997,8388608,W,47863944,8,44211.128682
kworker/u17:3-4922,8388608,W,47863944,8,44211.130029
kworker/5:1H-437,8388608,W,47867408,8,44211.132325
pool-6-thread-1-5476,8388608,W,47863952,8,44218.935191
f2fs_ckpt-254:4-648,8388608,W,47863960,32,44218.935782
f2fs_ckpt-254:4-648,8388608,W,47863992,48,44218.936245
f2fs_ckpt-254:4-648,8388608,W,47864040,8,44218.936326
f2fs_ckpt-254:4-648,8388608,W,47864048,16,44218.936446
kworker/0:0H-5,8388608,W,26259728,112,44218.93695
kworker/0:0H-5,8388608,W,47867416,200,44218.937081
f2fs_ckpt-254:4-648,8388608,W,18333504,8,44218.938031
f2fs_ckpt-254:4-648,8388608,W,18333552,8,44218.938061
f2fs_ckpt-254:4-648,8388608,W,18333648,8,44218.938074
f2fs_ckpt-254:4-648,8388608,W,18333688,8,44218.938123
f2fs_ckpt-254:4-648,8388608,W,18333728,8,44218.938158
f2fs_ckpt-254:4-648,8388608,W,18334304,8,44218.938171
f2fs_ckpt-254:4-648,8388608,W,18345776,16,44218.938182
f2fs_ckpt-254:4-648,8388608,W,18345800,8,44218.938197
f2fs_ckpt-254:4-648,8388608,W,18345832,8,44218.938214
f2fs_ckpt-254:4-648,8388608,W,18345848,8,44218.938262
f2fs_ckpt-254:4-648,8388608,W,18346008,8,44218.938275
f2fs_ckpt-254:4-648,8388608,W,18346024,8,44218.938284
f2fs_ckpt-254:4-648,8388608,W,18346600,24,44218.938299
f2fs_ckpt-254:4-648,8388608,W,18346632,8,44218.938349
f2fs_ckpt-254:4-648,8388608,W,18346784,8,44218.938361
f2fs_ckpt-254:4-648,8388608,W,18348424,8,44218.93837
f2fs_ckpt-254:4-648,8388608,W,18362032,8,44218.938379
f2fs_ckpt-254:4-648,8388608,W,18362048,8,44218.938388
f2fs_ckpt-254:4-648,8388608,W,18362160,8,44218.938398
f2fs_ckpt-254:4-648,8388608,W,18366136,8,44218.938406
f2fs_ckpt-254:4-648,8388608,W,18366168,8,44218.938416
f2fs_ckpt-254:4-648,8388608,W,18366240,8,44218.938424
f2fs_ckpt-254:4-648,8388608,W,18366448,8,44218.938447
f2fs_ckpt-254:4-648,8388608,W,18370400,8,44218.938481
f2fs_ckpt-254:4-648,8388608,W,18370536,8,44218.938493
f2fs_ckpt-254:4-648,8388608,W,18828440,8,44218.938514
f2fs_ckpt-254:4-648,8388608,W,18828472,8,44218.938524
f2fs_ckpt-254:4-648,8388608,W,18836032,8,44218.938546
f2fs_ckpt-254:4-648,8388608,W,18838104,8,44218.938595
f2fs_ckpt-254:4-648,8388608,W,18838648,8,44218.938607
f2fs_ckpt-254:4-648,8388608,W,18870080,8,44218.938616
kworker/0:0H-5,8388608,W,18870104,8,44218.938908
f2fs_ckpt-254:4-648,8388608,W,18870304,8,44218.939032
f2fs_ckpt-254:4-648,8388608,W,18870472,8,44218.939061
f2fs_ckpt-254:4-648,8388608,W,18870664,8,44218.939074
f2fs_ckpt-254:4-648,8388608,W,18871144,8,44218.939099
f2fs_ckpt-254:4-648,8388608,W,18871392,8,44218.939158
f2fs_ckpt-254:4-648,8388608,W,18991744,8,44218.939181
f2fs_ckpt-254:4-648,8388608,W,18329392,40,44218.939441
kworker/0:0H-5,8388608,W,18329432,8,44218.941843
pool-6-thread-1-5476,8388608,W,47863952,8,44218.942576
pool-6-thread-1-5476,8388608,W,47864064,24,44218.942679
kworker/6:1H-422,8388608,W,47867616,8,44218.94275
kworker/6:1H-422,8388608,W,47867624,8,44218.94279
kworker/0:0H-5,8388608,W,47864088,8,44218.943715
kworker/0:0H-5,8388608,W,47864096,8,44218.943915
kworker/0:0H-5,8388608,W,47867632,8,44218.945136
kworker/5:1H-437,8388608,W,47864104,16,44218.949846
kworker/5:1H-437,8388608,W,47864120,88,44218.949907
kworker/7:1H-91,8388608,W,47867640,8,44218.950668
storageQueue_0-5506,8388608,W,47864208,8,44219.166114
kworker/u17:3-4922,8388608,W,47864208,8,44219.166927
f2fs_ckpt-254:4-648,8388608,W,47864216,16,44219.167152
f2fs_ckpt-254:4-648,8388608,W,47864232,8,44219.167222
f2fs_ckpt-254:4-648,8388608,W,47864240,24,44219.167322
kworker/2:1H-225,8388608,W,26259840,32,44219.167524
kworker/2:1H-225,8388608,W,47867648,56,44219.167585
f2fs_ckpt-254:4-648,8388608,W,18333488,8,44219.167939
f2fs_ckpt-254:4-648,8388608,W,18334496,8,44219.167964
f2fs_ckpt-254:4-648,8388608,W,18334704,8,44219.167976
f2fs_ckpt-254:4-648,8388608,W,18345792,8,44219.167985
f2fs_ckpt-254:4-648,8388608,W,18346016,8,44219.167993
f2fs_ckpt-254:4-648,8388608,W,18358064,8,44219.168
f2fs_ckpt-254:4-648,8388608,W,18358104,8,44219.168009
f2fs_ckpt-254:4-648,8388608,W,18370544,8,44219.168017
f2fs_ckpt-254:4-648,8388608,W,18991744,8,44219.168025
f2fs_ckpt-254:4-648,8388608,W,18325296,40,44219.168093
kworker/0:0H-5,8388608,W,18325336,8,44219.170704
storageQueue_0-5506,8388608,W,47864208,8,44219.171406
kworker/6:1H-422,8388608,W,47867704,8,44219.171494
storageQueue_0-5506,8388608,W,47864264,8,44219.171545
kworker/6:1H-422,8388608,W,47867712,8,44219.17161
storageQueue_0-5506,8388608,W,47864272,8,44219.172153
kworker/6:1H-422,8388608,W,47867720,8,44219.172241
f2fs_ckpt-254:4-648,8388608,W,47864280,8,44219.172422
f2fs_ckpt-254:4-648,8388608,W,47864288,8,44219.172503
f2fs_ckpt-254:4-648,8388608,W,47864296,8,44219.172584
kworker/2:1H-225,8388608,W,26259872,8,44219.172688
kworker/2:1H-225,8388608,W,47867728,32,44219.172771
f2fs_ckpt-254:4-648,8388608,W,18333728,8,44219.173049
f2fs_ckpt-254:4-648,8388608,W,18346784,8,44219.173062
f2fs_ckpt-254:4-648,8388608,W,18362160,8,44219.17307
f2fs_ckpt-254:4-648,8388608,W,18366448,8,44219.173079
f2fs_ckpt-254:4-648,8388608,W,18991744,8,44219.173087
f2fs_ckpt-254:4-648,8388608,W,18329392,40,44219.173152
kworker/5:1H-437,8388608,W,18329432,8,44219.174118
storageQueue_0-5506,8388608,W,47864272,8,44219.176397
storageQueue_0-5506,8388608,W,47864304,24,44219.176418
kworker/6:1H-422,8388608,W,47867760,8,44219.176534
storageQueue_0-5506,8388608,W,47864320,24,44219.177002
kworker/6:1H-422,8388608,W,47867768,8,44219.177104
storageQueue_0-5506,8388608,W,47864336,32,44219.177473
kworker/6:1H-422,8388608,W,47867776,8,44219.177564
storageQueue_0-5506,8388608,W,47864360,24,44219.178154
kworker/5:1H-437,8388608,W,47867784,8,44219.178281
storageQueue_0-5506,8388608,W,47864376,32,44219.178697
kworker/6:1H-422,8388608,W,47867792,8,44219.178792
storageQueue_0-5506,8388608,W,47864400,24,44219.178972
kworker/6:1H-422,8388608,W,47867800,8,44219.179042
storageQueue_0-5506,8388608,W,47864416,24,44219.179196
kworker/7:1H-91,8388608,W,47867808,8,44219.179295
storageQueue_0-5506,8388608,W,47864432,24,44219.179571
kworker/6:1H-422,8388608,W,47867816,8,44219.179732
storageQueue_0-5506,8388608,W,47864448,24,44219.179932
kworker/0:0H-5,8388608,W,47867824,8,44219.180098
storageQueue_0-5506,8388608,W,47864464,32,44219.180458
kworker/5:1H-437,8388608,W,47867832,8,44219.180587
storageQueue_0-5506,8388608,W,47864488,24,44219.180838
kworker/1:1H-228,8388608,W,47867840,8,44219.181009
storageQueue_0-5506,8388608,W,47864504,24,44219.181341
kworker/4:1H-218,8388608,W,47867848,8,44219.181448
storageQueue_0-5506,8388608,W,47864520,24,44219.181691
kworker/4:1H-218,8388608,W,47867856,8,44219.181812
storageQueue_0-5506,8388608,W,47864536,24,44219.182117
kworker/6:1H-422,8388608,W,47867864,8,44219.182252
storageQueue_0-5506,8388608,W,47864552,24,44219.182547
kworker/6:1H-422,8388608,W,47867872,8,44219.182725
storageQueue_0-5506,8388608,W,47864568,24,44219.182961
kworker/6:1H-422,8388608,W,47867880,8,44219.183052
storageQueue_0-5506,8388608,W,47864584,24,44219.183228
kworker/6:1H-422,8388608,W,47867888,8,44219.183301
storageQueue_0-5506,8388608,W,47864600,24,44219.183491
kworker/6:1H-422,8388608,W,47867896,8,44219.183563
storageQueue_0-5506,8388608,W,47864616,24,44219.183716
kworker/6:1H-422,8388608,W,47867904,8,44219.18379
storageQueue_0-5506,8388608,W,47864632,24,44219.183957
kworker/6:1H-422,8388608,W,47867912,8,44219.184028
storageQueue_0-5506,8388608,W,47864648,32,44219.184223
f2fs_ckpt-254:4-648,8388608,W,47864680,16,44219.184422
f2fs_ckpt-254:4-648,8388608,W,47864696,24,44219.184493
f2fs_ckpt-254:4-648,8388608,W,47864720,8,44219.184539
kworker/2:1H-225,8388608,W,26259880,16,44219.184678
kworker/2:1H-225,8388608,W,47867920,48,44219.184727
f2fs_ckpt-254:4-648,8388608,W,18334496,8,44219.184994
f2fs_ckpt-254:4-648,8388608,W,18345976,8,44219.18501
f2fs_ckpt-254:4-648,8388608,W,18346016,8,44219.185052
f2fs_ckpt-254:4-648,8388608,W,18358064,8,44219.185062
f2fs_ckpt-254:4-648,8388608,W,18370544,8,44219.18507
f2fs_ckpt-254:4-648,8388608,W,18991744,8,44219.185078
f2fs_ckpt-254:4-648,8388608,W,18325296,40,44219.185148
kworker/0:0H-5,8388608,W,18325336,8,44219.187397
storageQueue_0-5506,8388608,W,47864672,8,44219.188436
storageQueue_0-5506,8388608,W,47864728,16,44219.188459
kworker/7:1H-91,8388608,W,47867968,8,44219.188538
storageQueue_0-5506,8388608,W,47864736,40,44219.188835
kworker/7:1H-91,8388608,W,47867976,8,44219.188917
storageQueue_0-5506,8388608,W,47864768,48,44219.189204
kworker/7:1H-91,8388608,W,47867984,8,44219.189291
storageQueue_0-5506,8388608,W,47864808,32,44219.189516
kworker/7:1H-91,8388608,W,47867992,8,44219.189583
storageQueue_0-5506,8388608,W,47864832,32,44219.189777
kworker/5:1H-437,8388608,W,47868000,8,44219.189881
storageQueue_0-5506,8388608,W,47864856,32,44219.190178
kworker/7:1H-91,8388608,W,47868008,8,44219.190268
storageQueue_0-5506,8388608,W,47864880,32,44219.190492
kworker/7:1H-91,8388608,W,47868016,8,44219.190567
storageQueue_0-5506,8388608,W,47864904,32,44219.190743
kworker/7:1H-91,8388608,W,47868024,8,44219.190821
storageQueue_0-5506,8388608,W,47864928,32,44219.19099
f2fs_ckpt-254:4-648,8388608,W,47864960,16,44219.1912
f2fs_ckpt-254:4-648,8388608,W,47864976,24,44219.191318
f2fs_ckpt-254:4-648,8388608,W,47865000,8,44219.191417
kworker/0:0H-5,8388608,W,26259896,16,44219.191563
kworker/0:0H-5,8388608,W,47868032,48,44219.191633
f2fs_ckpt-254:4-648,8388608,W,18333728,8,44219.191931
f2fs_ckpt-254:4-648,8388608,W,18346784,8,44219.191943
f2fs_ckpt-254:4-648,8388608,W,18362160,8,44219.191952
f2fs_ckpt-254:4-648,8388608,W,18366448,8,44219.19199
f2fs_ckpt-254:4-648,8388608,W,18991744,8,44219.191999
f2fs_ckpt-254:4-648,8388608,W,18329392,40,44219.192106
kworker/0:0H-5,8388608,W,18329432,8,44219.194839
storageQueue_0-5506,8388608,W,47864952,8,44219.196017
storageQueue_0-5506,8388608,W,47865008,24,44219.196036
f2fs_ckpt-254:4-648,8388608,W,47865032,16,44219.196237
f2fs_ckpt-254:4-648,8388608,W,47865048,16,44219.196306
f2fs_ckpt-254:4-648,8388608,W,47865064,8,44219.196361
f2fs_ckpt-254:4-648,8388608,W,47865072,8,44219.19699
f2fs_ckpt-254:4-648,8388608,W,47865080,8,44219.197065
f2fs_ckpt-254:4-648,8388608,W,47865088,8,44219.197112
kworker/1:1H-228,8388608,W,26259912,40,44219.197267
kworker/1:1H-228,8388608,W,47868080,56,44219.197356
f2fs_ckpt-254:4-648,8388608,W,18334496,8,44219.197606
f2fs_ckpt-254:4-648,8388608,W,18346016,8,44219.197632
f2fs_ckpt-254:4-648,8388608,W,18358064,8,44219.197644
f2fs_ckpt-254:4-648,8388608,W,18370544,8,44219.197652
f2fs_ckpt-254:4-648,8388608,W,18991744,8,44219.19766
f2fs_ckpt-254:4-648,8388608,W,18325296,40,44219.197736
kworker/0:0H-5,8388608,W,18325336,8,44219.200227
kworker/1:1H-228,8388608,W,47868136,8,44219.201134
f2fs_ckpt-254:4-648,8388608,W,18346784,8,44219.201384
f2fs_ckpt-254:4-648,8388608,W,18991744,8,44219.201424
f2fs_ckpt-254:4-648,8388608,W,18329392,40,44219.201499
kworker/0:0H-5,8388608,W,18329432,8,44219.202145
pool-14-thread--5505,8388608,W,47865096,8,44219.202646
kworker/6:1H-422,8388608,W,47868144,8,44219.202717
storageQueue_0-5506,8388608,W,47865024,8,44219.223414
storageQueue_0-5506,8388608,W,47865104,24,44219.223432
kworker/7:1H-91,8388608,W,47868152,8,44219.223723
storageQueue_0-5506,8388608,W,47865120,32,44219.224036
kworker/7:1H-91,8388608,W,47868160,8,44219.224141
storageQueue_0-5506,8388608,W,47865144,32,44219.224344
kworker/7:1H-91,8388608,W,47868168,8,44219.224442
storageQueue_0-5506,8388608,W,47865168,40,44219.224651
kworker/7:1H-91,8388608,W,47868176,8,44219.224762
storageQueue_0-5506,8388608,W,47865200,40,44219.224959
kworker/7:1H-91,8388608,W,47868184,8,44219.225021
storageQueue_0-5506,8388608,W,47865232,48,44219.225218
kworker/7:1H-91,8388608,W,47868192,8,44219.225299
storageQueue_0-5506,8388608,W,47865272,32,44219.225552
kworker/7:1H-91,8388608,W,47868200,8,44219.225636
storageQueue_0-5506,8388608,W,47865296,40,44219.225853
kworker/7:1H-91,8388608,W,47868208,8,44219.225941
storageQueue_0-5506,8388608,W,47865328,32,44219.226221
kworker/7:1H-91,8388608,W,47868216,8,44219.226307
storageQueue_0-5506,8388608,W,47865352,32,44219.226571
kworker/5:1H-437,8388608,W,47868224,8,44219.226697
storageQueue_0-5506,8388608,W,47865376,32,44219.227307
kworker/6:1H-422,8388608,W,47868232,8,44219.227495
storageQueue_0-5506,8388608,W,47865400,32,44219.22783
kworker/7:1H-91,8388608,W,47868240,8,44219.227906
storageQueue_0-5506,8388608,W,47865424,16,44219.228057
kworker/7:1H-91,8388608,W,47868248,8,44219.228198
storageQueue_0-5506,8388608,W,47865432,40,44219.228618
pool-14-thread--5505,8388608,W,47868256,8,44219.228784
storageQueue_0-5506,8388608,W,47865464,40,44219.229077
kworker/7:1H-91,8388608,W,47868264,8,44219.22919
storageQueue_0-5506,8388608,W,47865496,32,44219.229372
kworker/7:1H-91,8388608,W,47868272,8,44219.229461
storageQueue_0-5506,8388608,W,47865520,32,44219.229641
kworker/7:1H-91,8388608,W,47868280,8,44219.229732
storageQueue_0-5506,8388608,W,47865544,40,44219.229978
kworker/7:1H-91,8388608,W,47868288,8,44219.230082
storageQueue_0-5506,8388608,W,47865576,40,44219.230426
kworker/7:1H-91,8388608,W,47868296,8,44219.23051
storageQueue_0-5506,8388608,W,47865608,40,44219.230764
storageQueue_0-5506,8388608,W,44257072,8,44219.230771
kworker/7:1H-91,8388608,W,47868304,8,44219.230837
storageQueue_0-5506,8388608,W,44257072,32,44219.231138
kworker/7:1H-91,8388608,W,47868312,8,44219.231211
storageQueue_0-5506,8388608,W,44257096,32,44219.23146
kworker/7:1H-91,8388608,W,47868320,8,44219.231518
storageQueue_0-5506,8388608,W,44257120,32,44219.231694
kworker/7:1H-91,8388608,W,47868328,8,44219.231775
storageQueue_0-5506,8388608,W,44257144,40,44219.232078
kworker/7:1H-91,8388608,W,47868336,8,44219.232163
storageQueue_0-5506,8388608,W,44257176,32,44219.232604
kworker/6:1H-422,8388608,W,47868344,8,44219.232798
storageQueue_0-5506,8388608,W,44257200,40,44219.233092
kworker/6:1H-422,8388608,W,47868352,8,44219.233161
storageQueue_0-5506,8388608,W,44257232,40,44219.233341
kworker/6:1H-422,8388608,W,47868360,8,44219.233438
storageQueue_0-5506,8388608,W,44257264,40,44219.233624
kworker/6:1H-422,8388608,W,47868368,8,44219.233732
storageQueue_0-5506,8388608,W,44257296,32,44219.233907
kworker/6:1H-422,8388608,W,47868376,8,44219.234021
storageQueue_0-5506,8388608,W,44257320,32,44219.2342
kworker/1:1H-228,8388608,W,47868384,8,44219.234356
storageQueue_0-5506,8388608,W,44257344,32,44219.23463
kworker/6:1H-422,8388608,W,47868392,8,44219.234704
storageQueue_0-5506,8388608,W,44257368,32,44219.23491
kworker/6:1H-422,8388608,W,47868400,8,44219.23497
storageQueue_0-5506,8388608,W,44257392,32,44219.235191
kworker/6:1H-422,8388608,W,47868408,8,44219.235254
pool-14-thread--5505,8388608,W,44257416,56,44219.235499
kworker/6:1H-422,8388608,W,47868416,8,44219.235581
storageQueue_0-5506,8388608,W,44257464,40,44219.235796
kworker/4:1H-218,8388608,W,47868424,8,44219.2359
storageQueue_0-5506,8388608,W,44257496,32,44219.236137
kworker/6:1H-422,8388608,W,47868432,8,44219.236237
storageQueue_0-5506,8388608,W,44257520,40,44219.236429
kworker/6:1H-422,8388608,W,47868440,8,44219.236514
storageQueue_0-5506,8388608,W,44257552,32,44219.236698
kworker/6:1H-422,8388608,W,47868448,8,44219.236786
storageQueue_0-5506,8388608,W,44257576,32,44219.236953
kworker/6:1H-422,8388608,W,47868456,8,44219.237051
storageQueue_0-5506,8388608,W,44257600,56,44219.237274
kworker/6:1H-422,8388608,W,47868464,8,44219.237354
storageQueue_0-5506,8388608,W,44257648,32,44219.237516
kworker/7:1H-91,8388608,W,47868472,8,44219.237635
storageQueue_0-5506,8388608,W,44257672,32,44219.237932
kworker/7:1H-91,8388608,W,47868480,8,44219.238011
storageQueue_0-5506,8388608,W,44257696,56,44219.238261
kworker/7:1H-91,8388608,W,47868488,8,44219.238379
storageQueue_0-5506,8388608,W,44257744,64,44219.238602
kworker/7:1H-91,8388608,W,47868496,8,44219.23869
storageQueue_0-5506,8388608,W,44257800,40,44219.238919
kworker/2:1H-225,8388608,W,47868504,8,44219.239073
storageQueue_0-5506,8388608,W,44257832,40,44219.240013
kworker/2:1H-225,8388608,W,47868512,8,44219.240221
storageQueue_0-5506,8388608,W,44257864,32,44219.240533
kworker/6:1H-422,8388608,W,47868520,8,44219.24062
storageQueue_0-5506,8388608,W,44257888,40,44219.240829
kworker/7:1H-91,8388608,W,47868528,8,44219.240937
storageQueue_0-5506,8388608,W,44257920,40,44219.241208
kworker/6:1H-422,8388608,W,47868536,8,44219.241282
storageQueue_0-5506,8388608,W,44257952,40,44219.241538
kworker/7:1H-91,8388608,W,47868544,8,44219.24164
storageQueue_0-5506,8388608,W,44257984,32,44219.241863
pool-14-thread--5505,8388608,W,47868552,8,44219.241967
storageQueue_0-5506,8388608,W,44258008,40,44219.242248
kworker/7:1H-91,8388608,W,47868560,8,44219.242314
storageQueue_0-5506,8388608,W,44258040,32,44219.242496
kworker/7:1H-91,8388608,W,47868568,8,44219.242565
storageQueue_0-5506,8388608,W,44258064,32,44219.243106
kworker/6:1H-422,8388608,W,47868576,8,44219.243253
storageQueue_0-5506,8388608,W,44258088,32,44219.243701
kworker/5:1H-437,8388608,W,47868584,8,44219.243794
storageQueue_0-5506,8388608,W,44258112,32,44219.244051
kworker/6:1H-422,8388608,W,47868592,8,44219.244142
storageQueue_0-5506,8388608,W,44258136,56,44219.244425
kworker/7:1H-91,8388608,W,47868600,8,44219.244564
pool-14-thread--5505,8388608,W,44258184,32,44219.244898
kworker/6:1H-422,8388608,W,47868608,8,44219.245025
storageQueue_0-5506,8388608,W,44258208,40,44219.245315
kworker/6:1H-422,8388608,W,47868616,8,44219.245396
storageQueue_0-5506,8388608,W,44258240,32,44219.245673
kworker/7:1H-91,8388608,W,47868624,8,44219.245788
storageQueue_0-5506,8388608,W,44258264,40,44219.245995
kworker/7:1H-91,8388608,W,47868632,8,44219.246074
storageQueue_0-5506,8388608,W,44258296,32,44219.246295
kworker/5:1H-437,8388608,W,47868640,8,44219.246425
storageQueue_0-5506,8388608,W,44258320,48,44219.247266
kworker/6:1H-422,8388608,W,47868648,8,44219.247589
storageQueue_0-5506,8388608,W,44258360,40,44219.247929
kworker/6:1H-422,8388608,W,47868656,8,44219.248006
storageQueue_0-5506,8388608,W,44258392,56,44219.248223
kworker/6:1H-422,8388608,W,47868664,8,44219.248314
storageQueue_0-5506,8388608,W,44258440,32,44219.248705
kworker/4:1H-218,8388608,W,47868672,8,44219.248852
storageQueue_0-5506,8388608,W,44258464,40,44219.24922
kworker/7:1H-91,8388608,W,47868680,8,44219.249328
storageQueue_0-5506,8388608,W,44258496,32,44219.249552
kworker/7:1H-91,8388608,W,47868688,8,44219.249635
storageQueue_0-5506,8388608,W,44258520,32,44219.249889
kworker/7:1H-91,8388608,W,47868696,8,44219.24997
storageQueue_0-5506,8388608,W,44258544,40,44219.250191
kworker/7:1H-91,8388608,W,47868704,8,44219.250269
storageQueue_0-5506,8388608,W,44258576,32,44219.250515
kworker/7:1H-91,8388608,W,47868712,8,44219.250579
storageQueue_0-5506,8388608,W,44258600,48,44219.250787
kworker/7:1H-91,8388608,W,47868720,8,44219.250857
storageQueue_0-5506,8388608,W,44258640,32,44219.251019
kworker/7:1H-91,8388608,W,47868728,8,44219.251081
storageQueue_0-5506,8388608,W,44258664,32,44219.251242
kworker/7:1H-91,8388608,W,47868736,8,44219.251324
storageQueue_0-5506,8388608,W,44258688,32,44219.251502
kworker/7:1H-91,8388608,W,47868744,8,44219.251609
storageQueue_0-5506,8388608,W,44258712,32,44219.251783
kworker/7:1H-91,8388608,W,47868752,8,44219.251856
storageQueue_0-5506,8388608,W,44258736,40,44219.252079
kworker/7:1H-91,8388608,W,47868760,8,44219.252154
storageQueue_0-5506,8388608,W,44258768,56,44219.252468
kworker/7:1H-91,8388608,W,47868768,8,44219.252556
storageQueue_0-5506,8388608,W,44258816,32,44219.252745
kworker/7:1H-91,8388608,W,47868776,8,44219.25283
storageQueue_0-5506,8388608,W,44258840,32,44219.253047
kworker/7:1H-91,8388608,W,47868784,8,44219.253129
storageQueue_0-5506,8388608,W,44258864,32,44219.253356
kworker/7:1H-91,8388608,W,47868792,8,44219.253432
storageQueue_0-5506,8388608,W,44258888,32,44219.253738
kworker/6:1H-422,8388608,W,47868800,8,44219.253843
storageQueue_0-5506,8388608,W,44258912,48,44219.254469
kworker/5:1H-437,8388608,W,47868808,8,44219.254674
storageQueue_0-5506,8388608,W,44258952,32,44219.254971
kworker/6:1H-422,8388608,W,47868816,8,44219.25507
storageQueue_0-5506,8388608,W,44258976,32,44219.255468
kworker/6:1H-422,8388608,W,47868824,8,44219.255556
storageQueue_0-5506,8388608,W,44259000,48,44219.255789
kworker/7:1H-91,8388608,W,47868832,8,44219.255944
storageQueue_0-5506,8388608,W,44259040,56,44219.256172
kworker/6:1H-422,8388608,W,47868840,8,44219.256263
storageQueue_0-5506,8388608,W,44259088,32,44219.25644
kworker/6:1H-422,8388608,W,47868848,8,44219.256499
storageQueue_0-5506,8388608,W,44259112,32,44219.256674
kworker/6:1H-422,8388608,W,47868856,8,44219.256732
storageQueue_0-5506,8388608,W,44259136,32,44219.256933
kworker/6:1H-422,8388608,W,47868864,8,44219.257001
storageQueue_0-5506,8388608,W,44259160,32,44219.257226
kworker/7:1H-91,8388608,W,47868872,8,44219.257313
storageQueue_0-5506,8388608,W,44259184,40,44219.257546
kworker/7:1H-91,8388608,W,47868880,8,44219.257645
storageQueue_0-5506,8388608,W,44259216,32,44219.257835
kworker/7:1H-91,8388608,W,47868888,8,44219.257928
storageQueue_0-5506,8388608,W,44259240,40,44219.25815
kworker/7:1H-91,8388608,W,47868896,8,44219.258258
storageQueue_0-5506,8388608,W,44259272,32,44219.258433
kworker/7:1H-91,8388608,W,47868904,8,44219.258505
storageQueue_0-5506,8388608,W,44259296,40,44219.258748
kworker/7:1H-91,8388608,W,47868912,8,44219.258832
storageQueue_0-5506,8388608,W,44259328,32,44219.259011
kworker/7:1H-91,8388608,W,47868920,8,44219.259097
storageQueue_0-5506,8388608,W,44259352,32,44219.259425
pool-14-thread--5505,8388608,W,47868928,8,44219.259542
storageQueue_0-5506,8388608,W,44259376,56,44219.259789
kworker/2:1H-225,8388608,W,47868936,8,44219.259963
storageQueue_0-5506,8388608,W,44259424,40,44219.260734
kworker/7:1H-91,8388608,W,47868944,8,44219.261156
storageQueue_0-5506,8388608,W,44259456,32,44219.261705
kworker/6:1H-422,8388608,W,47868952,8,44219.261806
storageQueue_0-5506,8388608,W,44259480,32,44219.262047
kworker/6:1H-422,8388608,W,47868960,8,44219.262131
storageQueue_0-5506,8388608,W,44259504,32,44219.262359
kworker/7:1H-91,8388608,W,47868968,8,44219.262426
storageQueue_0-5506,8388608,W,44259528,56,44219.262641
kworker/7:1H-91,8388608,W,47868976,8,44219.262705
storageQueue_0-5506,8388608,W,44259576,32,44219.262889
kworker/7:1H-91,8388608,W,47868984,8,44219.26295
egram.messenger-5451,8388608,W,44259608,8,44219.262981
kworker/6:1H-422,8388608,W,47868992,8,44219.263037
egram.messenger-5451,8388608,W,44259616,8,44219.263147
kworker/4:1H-218,8388608,W,47869000,8,44219.263227
storageQueue_0-5506,8388608,W,44259600,8,44219.263268
storageQueue_0-5506,8388608,W,44259624,48,44219.263274
kworker/6:1H-422,8388608,W,47869008,8,44219.263353
storageQueue_0-5506,8388608,W,44259664,56,44219.263749
kworker/6:1H-422,8388608,W,47869016,8,44219.263823
storageQueue_0-5506,8388608,W,44259712,40,44219.264774
kworker/0:0H-5,8388608,W,47869024,8,44219.264984
storageQueue_0-5506,8388608,W,44259744,32,44219.266356
kworker/3:1H-227,8388608,W,47869032,8,44219.266582
storageQueue_0-5506,8388608,W,44259768,16,44219.266809
kworker/4:1H-218,8388608,W,47869040,8,44219.266913
storageQueue_1-5522,8388608,W,44259784,8,44219.269964
storageQueue_0-5506,8388608,W,44259792,8,44219.270168
storageQueue_0-5506,8388608,W,44259800,8,44219.27019
storageQueue_0-5506,8388608,W,44259776,8,44219.270194
f2fs_ckpt-254:4-648,8388608,W,44259808,8,44219.270244
f2fs_ckpt-254:4-648,8388608,W,44259816,16,44219.270335
f2fs_ckpt-254:4-648,8388608,W,44259832,8,44219.27042
f2fs_ckpt-254:4-648,8388608,W,44259840,8,44219.270494
kworker/0:0H-5,8388608,W,26259952,24,44219.270698
kworker/0:0H-5,8388608,W,47869048,72,44219.27077
f2fs_ckpt-254:4-648,8388608,W,18333728,8,44219.271228
f2fs_ckpt-254:4-648,8388608,W,18334496,8,44219.271259
f2fs_ckpt-254:4-648,8388608,W,18346656,8,44219.271271
f2fs_ckpt-254:4-648,8388608,W,18362160,8,44219.27128
f2fs_ckpt-254:4-648,8388608,W,18366448,8,44219.271356
f2fs_ckpt-254:4-648,8388608,W,18880832,8,44219.2714
f2fs_ckpt-254:4-648,8388608,W,18991744,8,44219.271409
f2fs_ckpt-254:4-648,8388608,W,18325296,40,44219.271518
kworker/0:0H-5,8388608,W,18325336,8,44219.274035
kworker/0:0H-5,8388608,W,47869120,8,44219.27499
f2fs_ckpt-254:4-648,8388608,W,18346784,8,44219.275211
f2fs_ckpt-254:4-648,8388608,W,18991744,8,44219.275223
f2fs_ckpt-254:4-648,8388608,W,18329392,40,44219.275314
kworker/0:0H-5,8388608,W,18329432,8,44219.276185
f2fs_ckpt-254:4-648,8388608,W,44259848,8,44219.27742
f2fs_ckpt-254:4-648,8388608,W,44259856,8,44219.277552
f2fs_ckpt-254:4-648,8388608,W,44259864,8,44219.278082
f2fs_ckpt-254:4-648,8388608,W,44259872,8,44219.278226
f2fs_ckpt-254:4-648,8388608,W,44259880,8,44219.278294
kworker/0:0H-5,8388608,W,44259888,8,44219.278383
kworker/0:0H-5,8388608,W,26259976,40,44219.278548
kworker/0:0H-5,8388608,W,47869128,40,44219.278618
f2fs_ckpt-254:4-648,8388608,W,18334368,8,44219.278924
f2fs_ckpt-254:4-648,8388608,W,18334496,8,44219.278937
f2fs_ckpt-254:4-648,8388608,W,18346016,8,44219.278945
f2fs_ckpt-254:4-648,8388608,W,18358064,8,44219.278954
f2fs_ckpt-254:4-648,8388608,W,18370544,8,44219.278964
f2fs_ckpt-254:4-648,8388608,W,18991744,8,44219.279016
f2fs_ckpt-254:4-648,8388608,W,18325296,40,44219.279106
kworker/0:0H-5,8388608,W,18325336,8,44219.280362
storageQueue_1-5522,8388608,W,44259784,8,44219.280958
pool-14-thread--5505,8388608,W,44259896,8,44219.281034
kworker/4:1H-218,8388608,W,47869168,8,44219.281123
storageQueue_1-5522,8388608,W,44259904,8,44219.281146
storageQueue_1-5522,8388608,W,47869176,8,44219.281154
kworker/4:1H-218,8388608,W,47869184,8,44219.281216
storageQueue_1-5522,8388608,W,44259912,8,44219.281926
kworker/7:1H-91,8388608,W,47869192,8,44219.282059
f2fs_ckpt-254:4-648,8388608,W,44259920,8,44219.282533
f2fs_ckpt-254:4-648,8388608,W,44259928,8,44219.282564
f2fs_ckpt-254:4-648,8388608,W,44259936,8,44219.282593
kworker/5:1H-437,8388608,W,26260016,16,44219.282648
kworker/5:1H-437,8388608,W,47869200,40,44219.282686
f2fs_ckpt-254:4-648,8388608,W,18333728,8,44219.282833
f2fs_ckpt-254:4-648,8388608,W,18346656,8,44219.282839
f2fs_ckpt-254:4-648,8388608,W,18346784,8,44219.282842
f2fs_ckpt-254:4-648,8388608,W,18362160,8,44219.282845
f2fs_ckpt-254:4-648,8388608,W,18366448,8,44219.282848
f2fs_ckpt-254:4-648,8388608,W,18991744,8,44219.282851
f2fs_ckpt-254:4-648,8388608,W,18329392,40,44219.282889
kworker/5:1H-437,8388608,W,18329432,8,44219.285522
storageQueue_1-5522,8388608,W,44259912,8,44219.285989
storageQueue_1-5522,8388608,W,44259944,24,44219.285998
kworker/6:1H-422,8388608,W,47869240,8,44219.286083
f2fs_ckpt-254:4-648,8388608,W,44259968,8,44219.286657
storageQueue_1-5522,8388608,W,44259976,16,44219.286724
storageQueue_1-5522,8388608,W,44259960,8,44219.28673
f2fs_ckpt-254:4-648,8388608,W,44259992,8,44219.286747
f2fs_ckpt-254:4-648,8388608,W,44260000,8,44219.286798
f2fs_ckpt-254:4-648,8388608,W,44260008,8,44219.28684
kworker/1:1H-228,8388608,W,26260032,32,44219.286971
kworker/1:1H-228,8388608,W,47869248,48,44219.287042
f2fs_ckpt-254:4-648,8388608,W,18334368,8,44219.287288
f2fs_ckpt-254:4-648,8388608,W,18334496,8,44219.287302
f2fs_ckpt-254:4-648,8388608,W,18346016,8,44219.287311
f2fs_ckpt-254:4-648,8388608,W,18358064,8,44219.28732
f2fs_ckpt-254:4-648,8388608,W,18370544,8,44219.287369
f2fs_ckpt-254:4-648,8388608,W,18991744,8,44219.287379
f2fs_ckpt-254:4-648,8388608,W,18325296,40,44219.287445
kworker/0:0H-5,8388608,W,18325336,8,44219.28989
pool-14-thread--5505,8388608,W,44260016,8,44219.290434
kworker/5:1H-437,8388608,W,47869296,8,44219.290537
storageQueue_1-5522,8388608,W,44259984,8,44219.29109
storageQueue_1-5522,8388608,W,44260024,24,44219.291107
kworker/3:1H-227,8388608,W,47869304,8,44219.291281
storageQueue_1-5522,8388608,W,44260040,24,44219.291584
kworker/4:1H-218,8388608,W,47869312,8,44219.291723
storageQueue_1-5522,8388608,W,44260056,32,44219.292393
kworker/4:1H-218,8388608,W,47869320,8,44219.292561
storageQueue_1-5522,8388608,W,44260080,24,44219.292808
f2fs_ckpt-254:4-648,8388608,W,44260104,8,44219.292942
f2fs_ckpt-254:4-648,8388608,W,44260112,8,44219.29316
f2fs_ckpt-254:4-648,8388608,W,44260120,8,44219.293217
kworker/1:1H-228,8388608,W,26260064,32,44219.29399
kworker/1:1H-228,8388608,W,47869328,48,44219.294075
f2fs_ckpt-254:4-648,8388608,W,18333728,8,44219.296998
f2fs_ckpt-254:4-648,8388608,W,18346656,8,44219.297071
f2fs_ckpt-254:4-648,8388608,W,18346784,8,44219.297084
f2fs_ckpt-254:4-648,8388608,W,18362160,8,44219.297092
f2fs_ckpt-254:4-648,8388608,W,18366448,8,44219.297128
f2fs_ckpt-254:4-648,8388608,W,18991744,8,44219.297139
f2fs_ckpt-254:4-648,8388608,W,18329392,40,44219.297218
kworker/0:0H-5,8388608,W,18329432,8,44219.30085
kworker/2:1H-225,8388608,W,47869376,8,44219.301456
f2fs_ckpt-254:4-648,8388608,W,18334496,8,44219.3017
f2fs_ckpt-254:4-648,8388608,W,18991744,8,44219.301729
f2fs_ckpt-254:4-648,8388608,W,18325296,40,44219.301804
kworker/0:0H-5,8388608,W,18325336,8,44219.302286
storageQueue_1-5522,8388608,W,44260096,8,44219.302972
storageQueue_1-5522,8388608,W,44260128,16,44219.302986
kworker/7:1H-91,8388608,W,47869384,8,44219.303084
storageQueue_1-5522,8388608,W,44260136,24,44219.303219
kworker/7:1H-91,8388608,W,47869392,8,44219.303302
storageQueue_1-5522,8388608,W,44260152,24,44219.303448
kworker/7:1H-91,8388608,W,47869400,8,44219.303528
storageQueue_1-5522,8388608,W,44260168,32,44219.303869
kworker/7:1H-91,8388608,W,47869408,8,44219.303965
storageQueue_1-5522,8388608,W,44260192,24,44219.304142
kworker/7:1H-91,8388608,W,47869416,8,44219.304224
storageQueue_1-5522,8388608,W,44260208,24,44219.304369
kworker/7:1H-91,8388608,W,47869424,8,44219.304444
storageQueue_1-5522,8388608,W,44260224,24,44219.304584
kworker/7:1H-91,8388608,W,47869432,8,44219.304657
storageQueue_1-5522,8388608,W,44260240,24,44219.304802
kworker/7:1H-91,8388608,W,47869440,8,44219.304873
storageQueue_1-5522,8388608,W,44260256,24,44219.305032
kworker/7:1H-91,8388608,W,47869448,8,44219.305101
storageQueue_1-5522,8388608,W,44260272,24,44219.30524
kworker/4:1H-218,8388608,W,47869456,8,44219.305351
storageQueue_1-5522,8388608,W,44260288,24,44219.305616
kworker/4:1H-218,8388608,W,47869464,8,44219.305713
storageQueue_1-5522,8388608,W,44260304,24,44219.305908
kworker/7:1H-91,8388608,W,47869472,8,44219.305991
storageQueue_1-5522,8388608,W,44260320,24,44219.306135
kworker/7:1H-91,8388608,W,47869480,8,44219.306208
storageQueue_1-5522,8388608,W,44260336,24,44219.30635
kworker/7:1H-91,8388608,W,47869488,8,44219.306422
storageQueue_1-5522,8388608,W,44260352,32,44219.3066
kworker/7:1H-91,8388608,W,47869496,8,44219.306675
storageQueue_1-5522,8388608,W,44260376,24,44219.306837
kworker/7:1H-91,8388608,W,47869504,8,44219.306912
storageQueue_1-5522,8388608,W,44260392,40,44219.307095
kworker/7:1H-91,8388608,W,47869512,8,44219.307176
storageQueue_1-5522,8388608,W,44260424,48,44219.307376
kworker/7:1H-91,8388608,W,47869520,8,44219.307454
storageQueue_1-5522,8388608,W,44260464,32,44219.307608
kworker/7:1H-91,8388608,W,47869528,8,44219.307692
storageQueue_1-5522,8388608,W,44260488,32,44219.307854
kworker/7:1H-91,8388608,W,47869536,8,44219.307929
storageQueue_1-5522,8388608,W,44260512,32,44219.308158
kworker/6:1H-422,8388608,W,47869544,8,44219.308252
storageQueue_1-5522,8388608,W,44260536,32,44219.308418
queued-work-loo-5528,8388608,W,44260568,8,44219.308507
kworker/6:1H-422,8388608,W,47869552,8,44219.308509
kworker/7:1H-91,8388608,W,47869560,8,44219.308596
storageQueue_1-5522,8388608,W,44260560,8,44219.308689
storageQueue_1-5522,8388608,W,44260576,24,44219.3087
kworker/6:1H-422,8388608,W,47869568,8,44219.308752
storageQueue_1-5522,8388608,W,44260592,32,44219.30892
kworker/6:1H-422,8388608,W,47869576,8,44219.308984
storageQueue_1-5522,8388608,W,44260616,32,44219.309143
queued-work-loo-5528,8388608,W,44260648,8,44219.3092
kworker/6:1H-422,8388608,W,47869584,8,44219.309207
kworker/7:1H-91,8388608,W,47869592,8,44219.30926
storageQueue_1-5522,8388608,W,44260640,8,44219.309343
storageQueue_1-5522,8388608,W,44260656,24,44219.309353
kworker/0:0H-5,8388608,W,47869600,8,44219.309484
storageQueue_1-5522,8388608,W,44260672,32,44219.309709
kworker/0:0H-5,8388608,W,47869608,8,44219.310615
storageQueue_1-5522,8388608,W,44260696,32,44219.311016
kworker/4:1H-218,8388608,W,47869616,8,44219.311144
storageQueue_1-5522,8388608,W,44260720,40,44219.311428
kworker/6:1H-422,8388608,W,47869624,8,44219.311518
storageQueue_1-5522,8388608,W,44260752,40,44219.311725
kworker/6:1H-422,8388608,W,47869632,8,44219.311804
storageQueue_1-5522,8388608,W,44260784,48,44219.311997
kworker/6:1H-422,8388608,W,47869640,8,44219.31208
storageQueue_1-5522,8388608,W,44260824,32,44219.312239
kworker/6:1H-422,8388608,W,47869648,8,44219.312312
storageQueue_1-5522,8388608,W,44260848,40,44219.312482
kworker/6:1H-422,8388608,W,47869656,8,44219.312561
storageQueue_1-5522,8388608,W,44260880,32,44219.312728
kworker/6:1H-422,8388608,W,47869664,8,44219.312802
storageQueue_1-5522,8388608,W,44260904,32,44219.312989
kworker/6:1H-422,8388608,W,47869672,8,44219.313071
storageQueue_1-5522,8388608,W,44260928,32,44219.313218
kworker/6:1H-422,8388608,W,47869680,8,44219.313285
storageQueue_1-5522,8388608,W,44260952,32,44219.313469
kworker/6:1H-422,8388608,W,47869688,8,44219.313542
storageQueue_1-5522,8388608,W,44260976,16,44219.31381
kworker/4:1H-218,8388608,W,47869696,8,44219.313955
storageQueue_1-5522,8388608,W,44260984,40,44219.314247
kworker/4:1H-218,8388608,W,47869704,8,44219.314352
storageQueue_1-5522,8388608,W,44261016,40,44219.31461
kworker/4:1H-218,8388608,W,47869712,8,44219.314707
storageQueue_1-5522,8388608,W,44261048,32,44219.314926
kworker/7:1H-91,8388608,W,47869720,8,44219.315023
storageQueue_1-5522,8388608,W,44261072,32,44219.315263
kworker/5:1H-437,8388608,W,47869728,8,44219.315389
storageQueue_1-5522,8388608,W,44261096,40,44219.31591
kworker/7:1H-91,8388608,W,47869736,8,44219.316056
storageQueue_1-5522,8388608,W,44261128,40,44219.316254
kworker/7:1H-91,8388608,W,44306224,8,44219.31632
storageQueue_1-5522,8388608,W,44470064,40,44219.316505
storageQueue_1-5522,8388608,W,44261160,8,44219.316526
kworker/7:1H-91,8388608,W,44306232,8,44219.316602
storageQueue_1-5522,8388608,W,44470096,32,44219.316902
kworker/7:1H-91,8388608,W,44306240,8,44219.31698
storageQueue_1-5522,8388608,W,44470120,32,44219.317148
kworker/7:1H-91,8388608,W,44306248,8,44219.317223
storageQueue_1-5522,8388608,W,44470144,32,44219.317378
kworker/7:1H-91,8388608,W,44306256,8,44219.31745
storageQueue_1-5522,8388608,W,44470168,40,44219.317631
kworker/7:1H-91,8388608,W,44306264,8,44219.31771
storageQueue_1-5522,8388608,W,44470200,32,44219.317888
kworker/7:1H-91,8388608,W,44306272,8,44219.317964
storageQueue_1-5522,8388608,W,44470224,40,44219.318152
kworker/7:1H-91,8388608,W,44306280,8,44219.318231
storageQueue_1-5522,8388608,W,44470256,40,44219.318375
kworker/7:1H-91,8388608,W,44306288,8,44219.318452
storageQueue_1-5522,8388608,W,44470288,40,44219.318641
kworker/7:1H-91,8388608,W,44306296,8,44219.318721
storageQueue_1-5522,8388608,W,44470320,32,44219.318868
kworker/7:1H-91,8388608,W,44306304,8,44219.318948
storageQueue_1-5522,8388608,W,44470344,32,44219.319104
kworker/7:1H-91,8388608,W,44306312,8,44219.31918
storageQueue_1-5522,8388608,W,44470368,32,44219.319372
kworker/7:1H-91,8388608,W,44306320,8,44219.319457
storageQueue_1-5522,8388608,W,44470392,32,44219.319619
kworker/7:1H-91,8388608,W,44306328,8,44219.319706
storageQueue_1-5522,8388608,W,44470416,32,44219.319892
kworker/7:1H-91,8388608,W,44306336,8,44219.31995
storageQueue_1-5522,8388608,W,44470440,56,44219.320138
kworker/7:1H-91,8388608,W,44306344,8,44219.320208
storageQueue_1-5522,8388608,W,44470488,40,44219.320368
kworker/7:1H-91,8388608,W,44306352,8,44219.32043
storageQueue_1-5522,8388608,W,44470520,32,44219.320608
kworker/7:1H-91,8388608,W,44306360,8,44219.320674
storageQueue_1-5522,8388608,W,44470544,40,44219.32084
kworker/7:1H-91,8388608,W,44306368,8,44219.320904
storageQueue_1-5522,8388608,W,44470576,32,44219.321091
kworker/7:1H-91,8388608,W,44306376,8,44219.321154
storageQueue_1-5522,8388608,W,44470600,32,44219.321296
kworker/7:1H-91,8388608,W,44306384,8,44219.321363
storageQueue_1-5522,8388608,W,44470624,56,44219.321571
kworker/7:1H-91,8388608,W,44306392,8,44219.321658
storageQueue_1-5522,8388608,W,44470672,32,44219.321824
kworker/7:1H-91,8388608,W,44306400,8,44219.321899
storageQueue_1-5522,8388608,W,44470696,32,44219.322095
kworker/7:1H-91,8388608,W,44306408,8,44219.322173
storageQueue_1-5522,8388608,W,44470720,56,44219.32236
kworker/7:1H-91,8388608,W,44306416,8,44219.322445
storageQueue_1-5522,8388608,W,44470768,64,44219.322665
kworker/7:1H-91,8388608,W,44306424,8,44219.322752
storageQueue_1-5522,8388608,W,44470824,40,44219.322987
kworker/7:1H-91,8388608,W,44306432,8,44219.323076
storageQueue_1-5522,8388608,W,44470856,40,44219.323304
pool-14-thread--5505,8388608,W,44470896,8,44219.323362
kworker/7:1H-91,8388608,W,44306440,8,44219.323399
kworker/5:1H-437,8388608,W,44306448,8,44219.323444
storageQueue_1-5522,8388608,W,44470888,8,44219.323563
storageQueue_1-5522,8388608,W,44470904,24,44219.32357
kworker/7:1H-91,8388608,W,44306456,8,44219.323631
storageQueue_1-5522,8388608,W,44470920,40,44219.323816
kworker/7:1H-91,8388608,W,44306464,8,44219.323882
storageQueue_1-5522,8388608,W,44470952,40,44219.324035
kworker/7:1H-91,8388608,W,44306472,8,44219.324104
storageQueue_1-5522,8388608,W,44470984,40,44219.324313
kworker/7:1H-91,8388608,W,44306480,8,44219.324377
storageQueue_1-5522,8388608,W,44471016,32,44219.324514
kworker/7:1H-91,8388608,W,44306488,8,44219.324573
storageQueue_1-5522,8388608,W,44471040,40,44219.324735
kworker/7:1H-91,8388608,W,44306496,8,44219.324799
storageQueue_1-5522,8388608,W,44471072,32,44219.324939
kworker/7:1H-91,8388608,W,44306504,8,44219.325003
storageQueue_1-5522,8388608,W,44471096,32,44219.325178
kworker/7:1H-91,8388608,W,44306512,8,44219.32524
storageQueue_1-5522,8388608,W,44471120,32,44219.325375
kworker/7:1H-91,8388608,W,44306520,8,44219.325442
storageQueue_1-5522,8388608,W,44471144,32,44219.325576
kworker/7:1H-91,8388608,W,44306528,8,44219.325632
storageQueue_1-5522,8388608,W,44471168,56,44219.325811
kworker/7:1H-91,8388608,W,44306536,8,44219.325889
storageQueue_1-5522,8388608,W,44471216,32,44219.32602
f2fs_ckpt-254:4-648,8388608,W,44471248,8,44219.326171
f2fs_ckpt-254:4-648,8388608,W,44471256,8,44219.326227
f2fs_ckpt-254:4-648,8388608,W,44471264,8,44219.326278
f2fs_ckpt-254:4-648,8388608,W,44471272,8,44219.326488
kworker/1:1H-228,8388608,W,26260096,48,44219.326861
kworker/1:1H-228,8388608,W,44306544,64,44219.326911
f2fs_ckpt-254:4-648,8388608,W,18334368,16,44219.328371
f2fs_ckpt-254:4-648,8388608,W,18346016,8,44219.328431
f2fs_ckpt-254:4-648,8388608,W,18346784,8,44219.328441
f2fs_ckpt-254:4-648,8388608,W,18358064,8,44219.32845
f2fs_ckpt-254:4-648,8388608,W,18370544,8,44219.328458
f2fs_ckpt-254:4-648,8388608,W,18873792,8,44219.328467
f2fs_ckpt-254:4-648,8388608,W,18880840,8,44219.328475
f2fs_ckpt-254:4-648,8388608,W,18991744,8,44219.328483
f2fs_ckpt-254:4-648,8388608,W,18329392,32,44219.328669
kworker/0:0H-5,8388608,W,18329424,8,44219.330928
pool-14-thread--5505,8388608,W,44471280,8,44219.331649
kworker/0:0H-5,8388608,W,44306608,8,44219.331831
storageQueue_1-5522,8388608,W,44471240,8,44219.331904
storageQueue_1-5522,8388608,W,44471288,32,44219.331918
kworker/5:1H-437,8388608,W,44306616,8,44219.332031
storageQueue_1-5522,8388608,W,44471312,32,44219.332326
kworker/6:1H-422,8388608,W,44306624,8,44219.332425
storageQueue_1-5522,8388608,W,44471336,40,44219.332715
kworker/4:1H-218,8388608,W,44306632,8,44219.332819
storageQueue_1-5522,8388608,W,44471368,32,44219.333098
kworker/4:1H-218,8388608,W,44306640,8,44219.333195
storageQueue_1-5522,8388608,W,44471392,48,44219.333454
kworker/4:1H-218,8388608,W,44306648,8,44219.33356
storageQueue_1-5522,8388608,W,44471432,40,44219.333831
f2fs_ckpt-254:4-648,8388608,W,44471472,8,44219.33399
f2fs_ckpt-254:4-648,8388608,W,44471480,8,44219.334042
f2fs_ckpt-254:4-648,8388608,W,44471488,8,44219.334092
kworker/1:1H-228,8388608,W,26260144,32,44219.334223
kworker/1:1H-228,8388608,W,44306656,48,44219.334271
f2fs_ckpt-254:4-648,8388608,W,18333728,8,44219.334521
f2fs_ckpt-254:4-648,8388608,W,18346664,8,44219.334533
f2fs_ckpt-254:4-648,8388608,W,18362160,8,44219.334543
f2fs_ckpt-254:4-648,8388608,W,18366448,8,44219.334551
f2fs_ckpt-254:4-648,8388608,W,18991744,8,44219.334559
f2fs_ckpt-254:4-648,8388608,W,18325296,40,44219.334623
kworker/0:0H-5,8388608,W,18325336,8,44219.337103
pool-14-thread--5505,8388608,W,44471496,8,44219.33769
storageQueue_1-5522,8388608,W,44471504,48,44219.337749
storageQueue_1-5522,8388608,W,44471464,8,44219.337759
kworker/5:1H-437,8388608,W,44306704,8,44219.33778
kworker/5:1H-437,8388608,W,44306712,8,44219.33784
storageQueue_1-5522,8388608,W,44471544,32,44219.33806
kworker/5:1H-437,8388608,W,44306720,8,44219.338149
storageQueue_1-5522,8388608,W,44471568,40,44219.338412
kworker/5:1H-437,8388608,W,44306728,8,44219.338498
storageQueue_1-5522,8388608,W,44471600,32,44219.338726
kworker/5:1H-437,8388608,W,44306736,8,44219.338809
storageQueue_1-5522,8388608,W,44471624,32,44219.339275
kworker/7:1H-91,8388608,W,44306744,8,44219.339424
storageQueue_1-5522,8388608,W,44471648,40,44219.339637
kworker/7:1H-91,8388608,W,44306752,8,44219.33972
storageQueue_1-5522,8388608,W,44471680,32,44219.339902
kworker/7:1H-91,8388608,W,44306760,8,44219.339978
storageQueue_1-5522,8388608,W,44471704,48,44219.340152
kworker/7:1H-91,8388608,W,44306768,8,44219.340222
storageQueue_1-5522,8388608,W,44471744,32,44219.340405
kworker/7:1H-91,8388608,W,44306776,8,44219.340463
storageQueue_1-5522,8388608,W,44471768,32,44219.340611
f2fs_ckpt-254:4-648,8388608,W,44471800,8,44219.340883
f2fs_ckpt-254:4-648,8388608,W,44471808,16,44219.34096
f2fs_ckpt-254:4-648,8388608,W,44471824,8,44219.341024
kworker/1:1H-228,8388608,W,26260176,32,44219.341165
kworker/1:1H-228,8388608,W,44306784,48,44219.341229
f2fs_ckpt-254:4-648,8388608,W,18334376,8,44219.341491
f2fs_ckpt-254:4-648,8388608,W,18334496,8,44219.341517
f2fs_ckpt-254:4-648,8388608,W,18346016,8,44219.341528
f2fs_ckpt-254:4-648,8388608,W,18358064,8,44219.341535
f2fs_ckpt-254:4-648,8388608,W,18370544,8,44219.341543
f2fs_ckpt-254:4-648,8388608,W,18991744,8,44219.341551
f2fs_ckpt-254:4-648,8388608,W,18329392,40,44219.341617
kworker/0:0H-5,8388608,W,18329432,8,44219.343777
storageQueue_1-5522,8388608,W,44471792,8,44219.344964
storageQueue_1-5522,8388608,W,44471832,8,44219.344982
storageQueue_1-5522,8388608,W,44471840,24,44219.344989
kworker/7:1H-91,8388608,W,44306832,8,44219.345109
kworker/7:1H-91,8388608,W,44306840,8,44219.345119
storageQueue_1-5522,8388608,W,44471856,32,44219.345334
kworker/7:1H-91,8388608,W,44306848,8,44219.34541
storageQueue_1-5522,8388608,W,44471880,40,44219.345612
kworker/7:1H-91,8388608,W,44306856,8,44219.345693
storageQueue_1-5522,8388608,W,44471912,56,44219.345994
kworker/7:1H-91,8388608,W,44306864,8,44219.346082
storageQueue_1-5522,8388608,W,44471960,32,44219.34625
kworker/7:1H-91,8388608,W,44306872,8,44219.346335
storageQueue_1-5522,8388608,W,44471984,32,44219.346539
kworker/0:0H-5,8388608,W,44306880,8,44219.346734
storageQueue_1-5522,8388608,W,44472008,32,44219.347407
kworker/2:1H-225,8388608,W,44306888,8,44219.347624
storageQueue_1-5522,8388608,W,44472032,32,44219.34821
kworker/6:1H-422,8388608,W,44306896,8,44219.348543
storageQueue_1-5522,8388608,W,44472056,48,44219.348808
kworker/7:1H-91,8388608,W,44306904,8,44219.34891
storageQueue_1-5522,8388608,W,44472096,32,44219.349105
kworker/5:1H-437,8388608,W,44306912,8,44219.349213
storageQueue_1-5522,8388608,W,44472120,32,44219.349418
kworker/7:1H-91,8388608,W,44306920,8,44219.349503
storageQueue_1-5522,8388608,W,44472144,48,44219.349684
kworker/7:1H-91,8388608,W,44306928,8,44219.349765
storageQueue_1-5522,8388608,W,44472184,56,44219.349966
kworker/7:1H-91,8388608,W,44306936,8,44219.350048
storageQueue_1-5522,8388608,W,44472232,32,44219.3502
kworker/7:1H-91,8388608,W,44306944,8,44219.350272
storageQueue_1-5522,8388608,W,44472256,32,44219.350454
kworker/7:1H-91,8388608,W,44306952,8,44219.350524
storageQueue_1-5522,8388608,W,44472280,32,44219.35068
kworker/7:1H-91,8388608,W,44306960,8,44219.350756
storageQueue_1-5522,8388608,W,44472304,32,44219.350905
kworker/7:1H-91,8388608,W,44306968,8,44219.350991
storageQueue_1-5522,8388608,W,44472328,40,44219.351175
kworker/7:1H-91,8388608,W,44306976,8,44219.35124
storageQueue_1-5522,8388608,W,44472360,32,44219.351429
egram.messenger-5451,8388608,W,44472392,8,44219.351489
kworker/7:1H-91,8388608,W,44306984,8,44219.351496
kworker/7:1H-91,8388608,W,44306992,8,44219.351572
storageQueue_1-5522,8388608,W,44472384,8,44219.351749
storageQueue_1-5522,8388608,W,44472400,32,44219.351756
egram.messenger-5451,8388608,W,44472432,8,44219.351795
kworker/7:1H-91,8388608,W,44307000,8,44219.351852
kworker/7:1H-91,8388608,W,44307008,8,44219.351899
storageQueue_1-5522,8388608,W,44472424,8,44219.352434
storageQueue_1-5522,8388608,W,44472440,24,44219.352468
kworker/0:0H-5,8388608,W,44307016,8,44219.352612
storageQueue_1-5522,8388608,W,44472456,40,44219.352888
kworker/6:1H-422,8388608,W,44307024,8,44219.35299
storageQueue_1-5522,8388608,W,44472488,32,44219.353266
kworker/6:1H-422,8388608,W,44307032,8,44219.353341
storageQueue_1-5522,8388608,W,44472512,32,44219.353523
kworker/6:1H-422,8388608,W,44307040,8,44219.3536
storageQueue_1-5522,8388608,W,44472536,56,44219.353814
kworker/6:1H-422,8388608,W,44307048,8,44219.353912
storageQueue_1-5522,8388608,W,44472584,40,44219.354095
kworker/6:1H-422,8388608,W,44307056,8,44219.354186
storageQueue_1-5522,8388608,W,44472616,32,44219.354448
kworker/6:1H-422,8388608,W,44307064,8,44219.35455
storageQueue_1-5522,8388608,W,44472640,32,44219.355102
kworker/5:1H-437,8388608,W,44307072,8,44219.355226
storageQueue_1-5522,8388608,W,44472664,32,44219.355563
kworker/5:1H-437,8388608,W,44307080,8,44219.355675
storageQueue_1-5522,8388608,W,44472688,56,44219.35599
kworker/5:1H-437,8388608,W,44307088,8,44219.356096
storageQueue_1-5522,8388608,W,44472736,32,44219.356569
kworker/5:1H-437,8388608,W,44307096,8,44219.356672
storageQueue_1-5522,8388608,W,44472760,56,44219.356992
f2fs_ckpt-254:4-648,8388608,W,44472816,8,44219.35714
f2fs_ckpt-254:4-648,8388608,W,44472824,8,44219.357157
f2fs_ckpt-254:4-648,8388608,W,44472832,8,44219.357169
kworker/6:1H-422,8388608,W,26260208,24,44219.357224
kworker/6:1H-422,8388608,W,44307104,32,44219.357236
f2fs_ckpt-254:4-648,8388608,W,18333728,8,44219.357346
f2fs_ckpt-254:4-648,8388608,W,18346664,8,44219.35735
f2fs_ckpt-254:4-648,8388608,W,18346784,8,44219.357353
f2fs_ckpt-254:4-648,8388608,W,18362160,8,44219.357356
f2fs_ckpt-254:4-648,8388608,W,18366448,8,44219.357358
f2fs_ckpt-254:4-648,8388608,W,18991744,8,44219.35736
f2fs_ckpt-254:4-648,8388608,W,18325296,40,44219.357381
kworker/6:1H-422,8388608,W,18325336,8,44219.35947
storageQueue_1-5522,8388608,W,44472808,8,44219.361387
storageQueue_1-5522,8388608,W,44472840,48,44219.361421
storageQueue_2-5531,8388608,W,44472888,8,44219.361485
kworker/1:1H-228,8388608,W,44307136,16,44219.361782
storageQueue_1-5522,8388608,W,44472880,8,44219.362967
storageQueue_1-5522,8388608,W,44472896,32,44219.363001
kworker/0:0H-5,8388608,W,44307152,8,44219.363206
f2fs_ckpt-254:4-648,8388608,W,44472928,8,44219.363933
f2fs_ckpt-254:4-648,8388608,W,44472936,8,44219.36399
f2fs_ckpt-254:4-648,8388608,W,44472944,8,44219.364035
kworker/3:1H-227,8388608,W,26260232,8,44219.364156
kworker/0:0H-5,8388608,W,44307160,32,44219.364234
f2fs_ckpt-254:4-648,8388608,W,18334376,8,44219.364452
f2fs_ckpt-254:4-648,8388608,W,18346016,8,44219.364463
f2fs_ckpt-254:4-648,8388608,W,18358064,8,44219.364472
f2fs_ckpt-254:4-648,8388608,W,18370544,8,44219.364481
f2fs_ckpt-254:4-648,8388608,W,18991744,8,44219.364488
f2fs_ckpt-254:4-648,8388608,W,18329392,40,44219.364556
kworker/6:1H-422,8388608,W,18329432,8,44219.366902
storageQueue_2-5531,8388608,W,44472888,8,44219.367365
kworker/7:1H-91,8388608,W,44307192,8,44219.367449
storageQueue_2-5531,8388608,W,44472952,8,44219.367487
kworker/7:1H-91,8388608,W,44307200,8,44219.367534
egram.messenger-5451,8388608,W,44472960,8,44219.367704
kworker/5:1H-437,8388608,W,44307208,8,44219.367786
egram.messenger-5451,8388608,W,44472968,8,44219.367976
storageQueue_2-5531,8388608,W,44472976,8,44219.367999
kworker/7:1H-91,8388608,W,44307216,8,44219.368054
kworker/5:1H-437,8388608,W,44307224,8,44219.368075
f2fs_ckpt-254:4-648,8388608,W,44472984,8,44219.368215
f2fs_ckpt-254:4-648,8388608,W,44472992,8,44219.368265
f2fs_ckpt-254:4-648,8388608,W,44473000,8,44219.36831
kworker/3:1H-227,8388608,W,26260240,8,44219.368413
kworker/3:1H-227,8388608,W,44307232,40,44219.368464
f2fs_ckpt-254:4-648,8388608,W,18333728,8,44219.368713
f2fs_ckpt-254:4-648,8388608,W,18346664,8,44219.368725
f2fs_ckpt-254:4-648,8388608,W,18362160,8,44219.368734
f2fs_ckpt-254:4-648,8388608,W,18366448,8,44219.368743
f2fs_ckpt-254:4-648,8388608,W,18991744,8,44219.36875
f2fs_ckpt-254:4-648,8388608,W,18325296,40,44219.368815
kworker/7:1H-91,8388608,W,18325336,8,44219.37156
storageQueue_2-5531,8388608,W,44472976,8,44219.372265
storageQueue_2-5531,8388608,W,44473008,24,44219.372309
f2fs_ckpt-254:4-648,8388608,W,44473032,8,44219.372519
f2fs_ckpt-254:4-648,8388608,W,44473040,8,44219.372584
f2fs_ckpt-254:4-648,8388608,W,44473048,8,44219.372632
Thread-4-3029,8388608,W,26260248,16,44219.372743
kworker/3:1H-227,8388608,W,44307272,40,44219.372782
f2fs_ckpt-254:4-648,8388608,W,18334376,8,44219.373046
f2fs_ckpt-254:4-648,8388608,W,18346016,8,44219.373071
f2fs_ckpt-254:4-648,8388608,W,18358064,8,44219.373101
f2fs_ckpt-254:4-648,8388608,W,18370544,8,44219.373113
f2fs_ckpt-254:4-648,8388608,W,18991744,8,44219.373138
f2fs_ckpt-254:4-648,8388608,W,18329392,40,44219.373242
kworker/0:0H-5,8388608,W,18329432,8,44219.3739
storageQueue_3-5537,8388608,W,44473056,8,44219.374421
kworker/3:1H-227,8388608,W,44307312,8,44219.3746
storageQueue_2-5531,8388608,W,44473024,8,44219.374627
storageQueue_2-5531,8388608,W,44473064,16,44219.374635
kworker/0:0H-5,8388608,W,44307320,8,44219.374761
f2fs_ckpt-254:4-648,8388608,W,44473080,8,44219.374849
f2fs_ckpt-254:4-648,8388608,W,44473088,8,44219.3749
f2fs_ckpt-254:4-648,8388608,W,44473096,8,44219.374972
storageQueue_2-5531,8388608,W,44473104,8,44219.375065
storageQueue_2-5531,8388608,W,44473112,24,44219.375072
storageQueue_2-5531,8388608,W,44473072,8,44219.375076
kworker/6:1H-422,8388608,W,44307328,8,44219.375146
f2fs_ckpt-254:4-648,8388608,W,44473136,8,44219.375267
storageQueue_2-5531,8388608,W,44473144,16,44219.375296
storageQueue_2-5531,8388608,W,44473128,8,44219.375301
f2fs_ckpt-254:4-648,8388608,W,44473160,8,44219.375373
kworker/2:1H-225,8388608,W,44307336,8,44219.37545
storageQueue_2-5531,8388608,W,44473152,8,44219.375725
storageQueue_2-5531,8388608,W,44473168,24,44219.375735
kworker/6:1H-422,8388608,W,44307344,8,44219.375815
f2fs_ckpt-254:4-648,8388608,W,44473192,8,44219.375982
storageQueue_2-5531,8388608,W,44473200,16,44219.376009
storageQueue_2-5531,8388608,W,44473184,8,44219.376014
f2fs_ckpt-254:4-648,8388608,W,44473216,8,44219.376052
kworker/6:1H-422,8388608,W,44307352,8,44219.376088
f2fs_ckpt-254:4-648,8388608,W,44473224,8,44219.376097
storageQueue_2-5531,8388608,W,44473208,8,44219.376272
storageQueue_2-5531,8388608,W,44473232,16,44219.376277
kworker/6:1H-422,8388608,W,44307360,8,44219.376339
storageQueue_2-5531,8388608,W,44473240,24,44219.376526
f2fs_ckpt-254:4-648,8388608,W,44473264,8,44219.376644
f2fs_ckpt-254:4-648,8388608,W,44473272,8,44219.376691
f2fs_ckpt-254:4-648,8388608,W,44473280,8,44219.376743
f2fs_ckpt-254:4-648,8388608,W,44473288,8,44219.376789
kworker/2:1H-225,8388608,W,26260264,8,44219.376881
kworker/0:0H-5,8388608,W,44307368,32,44219.376946
f2fs_ckpt-254:4-648,8388608,W,18333728,8,44219.377153
f2fs_ckpt-254:4-648,8388608,W,18346664,8,44219.377165
f2fs_ckpt-254:4-648,8388608,W,18362160,8,44219.377174
f2fs_ckpt-254:4-648,8388608,W,18366448,8,44219.377182
f2fs_ckpt-254:4-648,8388608,W,18991744,8,44219.377189
f2fs_ckpt-254:4-648,8388608,W,18325296,40,44219.377255
kworker/0:0H-5,8388608,W,18325336,8,44219.380775
egram.messenger-5451,8388608,W,44473296,8,44219.38316
storageQueue_3-5537,8388608,W,44473056,8,44219.383174
kworker/7:1H-91,8388608,W,44307400,8,44219.383293
kworker/5:1H-437,8388608,W,44307408,8,44219.38336
storageQueue_3-5537,8388608,W,44473304,8,44219.383467
egram.messenger-5451,8388608,W,44473312,8,44219.383483
kworker/7:1H-91,8388608,W,44307416,8,44219.383556
kworker/7:1H-91,8388608,W,44307424,8,44219.383579
storageQueue_3-5537,8388608,W,44473320,8,44219.384954
kworker/6:1H-422,8388608,W,44307432,8,44219.385142
f2fs_ckpt-254:4-648,8388608,W,44473328,8,44219.38526
f2fs_ckpt-254:4-648,8388608,W,44473336,8,44219.385279
f2fs_ckpt-254:4-648,8388608,W,44473344,8,44219.38529
kworker/6:1H-422,8388608,W,26260272,16,44219.385332
kworker/6:1H-422,8388608,W,44307440,48,44219.385383
f2fs_ckpt-254:4-648,8388608,W,18334376,8,44219.385519
f2fs_ckpt-254:4-648,8388608,W,18346016,8,44219.385529
f2fs_ckpt-254:4-648,8388608,W,18358064,8,44219.385532
f2fs_ckpt-254:4-648,8388608,W,18370544,8,44219.385534
f2fs_ckpt-254:4-648,8388608,W,18991744,8,44219.385537
f2fs_ckpt-254:4-648,8388608,W,18329392,40,44219.385557
kworker/6:1H-422,8388608,W,18329432,8,44219.387896
storageQueue_3-5537,8388608,W,44473320,8,44219.388651
storageQueue_3-5537,8388608,W,44473352,24,44219.388698
kworker/2:1H-225,8388608,W,44307488,8,44219.388965
storageQueue_3-5537,8388608,W,44473368,24,44219.389211
kworker/6:1H-422,8388608,W,44307496,8,44219.389325
storageQueue_3-5537,8388608,W,44473384,32,44219.389587
kworker/7:1H-91,8388608,W,44307504,8,44219.389951
storageQueue_3-5537,8388608,W,44473408,24,44219.390217
kworker/7:1H-91,8388608,W,44307512,8,44219.390316
storageQueue_3-5537,8388608,W,44473424,32,44219.390635
kworker/7:1H-91,8388608,W,44307520,8,44219.390737
storageQueue_3-5537,8388608,W,44473448,24,44219.391231
kworker/7:1H-91,8388608,W,44307528,8,44219.391355
storageQueue_3-5537,8388608,W,44473464,24,44219.391643
kworker/7:1H-91,8388608,W,44307536,8,44219.391907
storageQueue_3-5537,8388608,W,44473480,24,44219.39213
HwBinder:848_1-886,8388608,W,44307544,8,44219.392294
storageQueue_3-5537,8388608,W,44473496,24,44219.39275
kworker/7:1H-91,8388608,W,44307552,8,44219.393618
storageQueue_3-5537,8388608,W,44473512,32,44219.395851
kworker/7:1H-91,8388608,W,44307560,8,44219.396118
storageQueue_3-5537,8388608,W,44473536,24,44219.396389
kworker/7:1H-91,8388608,W,44307568,8,44219.396478
storageQueue_3-5537,8388608,W,44473552,24,44219.396656
kworker/4:1H-218,8388608,W,44307576,8,44219.396786
storageQueue_3-5537,8388608,W,44473568,24,44219.397112
kworker/1:1H-228,8388608,W,44307584,8,44219.397279
storageQueue_3-5537,8388608,W,44473584,24,44219.397507
kworker/7:1H-91,8388608,W,44307592,8,44219.3976
storageQueue_3-5537,8388608,W,44473600,24,44219.39782
kworker/5:1H-437,8388608,W,44307600,8,44219.397933
storageQueue_3-5537,8388608,W,44473616,24,44219.398152
kworker/5:1H-437,8388608,W,44307608,8,44219.398252
storageQueue_3-5537,8388608,W,44473632,24,44219.398646
kworker/6:1H-422,8388608,W,44307616,8,44219.398752
storageQueue_3-5537,8388608,W,44473648,24,44219.398942
kworker/6:1H-422,8388608,W,44307624,8,44219.399019
storageQueue_3-5537,8388608,W,44473664,24,44219.399165
kworker/6:1H-422,8388608,W,44307632,8,44219.399252
storageQueue_2-5531,8388608,W,44473256,8,44219.399412
storageQueue_2-5531,8388608,W,44473688,16,44219.399432
storageQueue_3-5537,8388608,W,44473704,16,44219.399478
storageQueue_3-5537,8388608,W,44473680,8,44219.399485
kworker/6:1H-422,8388608,W,44307640,8,44219.399516
kworker/6:1H-422,8388608,W,44307648,8,44219.399541
storageQueue_2-5531,8388608,W,44473696,8,44219.399742
storageQueue_2-5531,8388608,W,44473720,24,44219.399757
kworker/2:1H-225,8388608,W,44307656,8,44219.39988
storageQueue_3-5537,8388608,W,44473712,8,44219.399987
storageQueue_3-5537,8388608,W,44473744,24,44219.400025
storageQueue_2-5531,8388608,W,44473768,16,44219.400136
storageQueue_2-5531,8388608,W,44473736,8,44219.400155
kworker/6:1H-422,8388608,W,44307664,8,44219.400209
kworker/6:1H-422,8388608,W,44307672,8,44219.400287
storageQueue_3-5537,8388608,W,44473760,8,44219.400511
storageQueue_3-5537,8388608,W,44473784,16,44219.400527
storageQueue_2-5531,8388608,W,44473800,16,44219.40055
storageQueue_2-5531,8388608,W,44473776,8,44219.40056
kworker/4:1H-218,8388608,W,44307680,8,44219.400631
kworker/4:1H-218,8388608,W,44307688,8,44219.400643
storageQueue_2-5531,8388608,W,44473808,24,44219.400799
kworker/6:1H-422,8388608,W,44307696,8,44219.40087
storageQueue_3-5537,8388608,W,44473792,8,44219.400923
storageQueue_3-5537,8388608,W,44473832,32,44219.400946
storageQueue_2-5531,8388608,W,44473824,8,44219.401015
kworker/5:1H-437,8388608,W,44473864,16,44219.401016
kworker/5:1H-437,8388608,W,44307704,8,44219.401023
kworker/5:1H-437,8388608,W,44307712,8,44219.401077
storageQueue_3-5537,8388608,W,44473856,8,44219.401271
storageQueue_3-5537,8388608,W,44473880,40,44219.401286
storageQueue_2-5531,8388608,W,44473920,16,44219.40132
storageQueue_2-5531,8388608,W,44473872,8,44219.401328
kworker/6:1H-422,8388608,W,44307720,8,44219.401344
kworker/5:1H-437,8388608,W,44307728,8,44219.40146
storageQueue_3-5537,8388608,W,44473912,8,44219.40153
storageQueue_3-5537,8388608,W,44473936,24,44219.401543
kworker/6:1H-422,8388608,W,44307736,8,44219.401592
storageQueue_2-5531,8388608,W,44473928,8,44219.401685
storageQueue_2-5531,8388608,W,44473960,16,44219.401693
storageQueue_3-5537,8388608,W,44473976,24,44219.401743
storageQueue_3-5537,8388608,W,44473952,8,44219.40175
kworker/5:1H-437,8388608,W,44307744,8,44219.401788
kworker/6:1H-422,8388608,W,44307752,8,44219.4018
storageQueue_2-5531,8388608,W,44473968,8,44219.401946
storageQueue_2-5531,8388608,W,44474000,16,44219.401951
kworker/6:1H-422,8388608,W,44307760,8,44219.401994
storageQueue_3-5537,8388608,W,44473992,8,44219.40207
storageQueue_3-5537,8388608,W,44474016,24,44219.402088
storageQueue_2-5531,8388608,W,44474040,16,44219.402145
storageQueue_2-5531,8388608,W,44474008,8,44219.402157
kworker/6:1H-422,8388608,W,44307768,8,44219.402209
<...>-5,8388608,W,44307776,8,44219.402312
storageQueue_2-5531,8388608,W,44474048,24,44219.40235
kworker/6:1H-422,8388608,W,44307784,8,44219.402411
storageQueue_2-5531,8388608,W,44474064,24,44219.402778
kworker/4:1H-218,8388608,W,44307792,8,44219.402893
storageQueue_3-5537,8388608,W,44474032,8,44219.403067
storageQueue_3-5537,8388608,W,44474088,24,44219.403085
storageQueue_2-5531,8388608,W,44474112,24,44219.403153
storageQueue_2-5531,8388608,W,44474080,8,44219.40316
kworker/0:0H-5,8388608,W,44307800,8,44219.403309
kworker/0:0H-5,8388608,W,44307808,8,44219.403366
storageQueue_3-5537,8388608,W,44474104,8,44219.403719
storageQueue_3-5537,8388608,W,44474136,24,44219.403735
kworker/5:1H-437,8388608,W,44307816,8,44219.403823
storageQueue_2-5531,8388608,W,44474128,8,44219.403912
storageQueue_2-5531,8388608,W,44486448,16,44219.403948
storageQueue_3-5537,8388608,W,44486464,24,44219.404025
storageQueue_3-5537,8388608,W,44474152,8,44219.404041
kworker/4:1H-218,8388608,W,44307824,8,44219.404147
kworker/4:1H-218,8388608,W,44307832,8,44219.404167
storageQueue_3-5537,8388608,W,44486480,32,44219.404565
kworker/6:1H-422,8388608,W,44307840,8,44219.404641
storageQueue_3-5537,8388608,W,44486504,32,44219.404801
kworker/5:1H-437,8388608,W,44307848,8,44219.404891
storageQueue_2-5531,8388608,W,44486456,8,44219.404988
storageQueue_2-5531,8388608,W,44486536,32,44219.405002
storageQueue_3-5537,8388608,W,44486568,24,44219.405088
storageQueue_3-5537,8388608,W,44486528,8,44219.405096
kworker/5:1H-437,8388608,W,44307856,8,44219.405177
kworker/5:1H-437,8388608,W,44307864,8,44219.405187
storageQueue_3-5537,8388608,W,44486584,32,44219.405479
storageQueue_2-5531,8388608,W,44486616,40,44219.405511
storageQueue_2-5531,8388608,W,44486560,8,44219.405518
kworker/6:1H-422,8388608,W,44307872,8,44219.405589
kworker/6:1H-422,8388608,W,44307880,8,44219.405614
storageQueue_3-5537,8388608,W,44486608,8,44219.405795
storageQueue_3-5537,8388608,W,44486656,32,44219.405801
kworker/6:1H-422,8388608,W,44307888,8,44219.405864
storageQueue_3-5537,8388608,W,44486680,40,44219.406033
kworker/6:1H-422,8388608,W,44486720,24,44219.40611
kworker/6:1H-422,8388608,W,44486648,8,44219.406117
kworker/6:1H-422,8388608,W,44307896,8,44219.40612
kworker/6:1H-422,8388608,W,44307904,8,44219.406172
storageQueue_3-5537,8388608,W,44486712,8,44219.406362
storageQueue_3-5537,8388608,W,44486744,40,44219.406378
storageQueue_2-5531,8388608,W,44486784,24,44219.406469
storageQueue_2-5531,8388608,W,44486736,8,44219.40648
storageQueue_2-5531,8388608,W,44307912,8,44219.406484
kworker/6:1H-422,8388608,W,44307920,8,44219.406527
storageQueue_2-5531,8388608,W,44486800,32,44219.406702
storageQueue_3-5537,8388608,W,44486832,24,44219.40672
storageQueue_3-5537,8388608,W,44486776,8,44219.40673
kworker/6:1H-422,8388608,W,44307928,8,44219.406778
kworker/5:1H-437,8388608,W,44307936,8,44219.406811
storageQueue_2-5531,8388608,W,44486824,8,44219.40694
storageQueue_2-5531,8388608,W,44486856,24,44219.406951
kworker/6:1H-422,8388608,W,44307944,8,44219.407002
storageQueue_3-5537,8388608,W,44486848,8,44219.407063
storageQueue_3-5537,8388608,W,44486880,32,44219.407083
kworker/5:1H-437,8388608,W,44307952,8,44219.407147
storageQueue_2-5531,8388608,W,44486872,8,44219.407151
storageQueue_2-5531,8388608,W,44486912,24,44219.407156
kworker/4:1H-218,8388608,W,44307960,8,44219.407238
storageQueue_3-5537,8388608,W,44486904,8,44219.407395
storageQueue_3-5537,8388608,W,44486936,24,44219.407419
storageQueue_2-5531,8388608,W,44486960,24,44219.40745
storageQueue_2-5531,8388608,W,44486928,8,44219.407457
kworker/5:1H-437,8388608,W,44307968,8,44219.407494
kworker/6:1H-422,8388608,W,44307976,8,44219.407518
storageQueue_2-5531,8388608,W,44486984,8,44219.407811
storageQueue_3-5537,8388608,W,44486952,8,44219.407814
storageQueue_3-5537,8388608,W,44486976,8,44219.40782
storageQueue_3-5537,8388608,W,44486992,8,44219.407825
storageQueue_2-5531,8388608,W,44487000,8,44219.407828
storageQueue_3-5537,8388608,W,44487008,8,44219.40783
storageQueue_3-5537,8388608,W,44487024,8,44219.407834
storageQueue_2-5531,8388608,W,44487016,8,44219.407835
kworker/4:1H-218,8388608,W,44307984,8,44219.407938
kworker/4:1H-218,8388608,W,44307992,8,44219.407955
storageQueue_2-5531,8388608,W,44487016,8,44219.408145
storageQueue_2-5531,8388608,W,44487032,24,44219.40816
storageQueue_3-5537,8388608,W,44487056,24,44219.408187
storageQueue_3-5537,8388608,W,44487024,8,44219.408195
kworker/4:1H-218,8388608,W,44308000,8,44219.408266
kworker/4:1H-218,8388608,W,44308008,8,44219.408326
storageQueue_2-5531,8388608,W,44487048,8,44219.40845
storageQueue_2-5531,8388608,W,44487080,24,44219.408467
kworker/6:1H-422,8388608,W,44308016,8,44219.408527
storageQueue_3-5537,8388608,W,44487072,8,44219.408602
storageQueue_3-5537,8388608,W,44487104,24,44219.40861
kworker/4:1H-218,8388608,W,44308024,8,44219.408685
storageQueue_2-5531,8388608,W,44487096,8,44219.408718
storageQueue_2-5531,8388608,W,44487128,24,44219.408724
storageQueue_3-5537,8388608,W,44487152,8,44219.408848
storageQueue_3-5537,8388608,W,44487120,8,44219.408855
storageQueue_3-5537,8388608,W,44308032,8,44219.408859
kworker/6:1H-422,8388608,W,44308040,8,44219.408903
storageQueue_3-5537,8388608,W,44487152,40,44219.409098
storageQueue_2-5531,8388608,W,44487192,32,44219.409126
storageQueue_2-5531,8388608,W,44487144,8,44219.409132
kworker/6:1H-422,8388608,W,44308048,8,44219.40916
kworker/6:1H-422,8388608,W,44308056,8,44219.409206
storageQueue_2-5531,8388608,W,44487216,8,44219.40943
storageQueue_2-5531,8388608,W,44487224,24,44219.409436
storageQueue_3-5537,8388608,W,44487184,8,44219.409439
storageQueue_2-5531,8388608,W,44487248,8,44219.40944
storageQueue_2-5531,8388608,W,44487256,8,44219.409444
storageQueue_2-5531,8388608,W,44487264,24,44219.409447
kworker/4:1H-218,8388608,W,44308064,8,44219.409609
kworker/6:1H-422,8388608,W,44308072,8,44219.410198
storageQueue_2-5531,8388608,W,44487280,8,44219.410582
storageQueue_3-5537,8388608,W,44487256,8,44219.410587
storageQueue_2-5531,8388608,W,44487288,8,44219.410589
storageQueue_2-5531,8388608,W,44487296,8,44219.410593
storageQueue_2-5531,8388608,W,44487304,8,44219.410596
storageQueue_2-5531,8388608,W,44487312,8,44219.4106
storageQueue_2-5531,8388608,W,44487320,8,44219.410603
storageQueue_2-5531,8388608,W,44487328,24,44219.410606
kworker/4:1H-218,8388608,W,44308080,8,44219.410754
kworker/4:1H-218,8388608,W,44308088,8,44219.410784
storageQueue_2-5531,8388608,W,44487344,32,44219.410972
storageQueue_3-5537,8388608,W,44487376,24,44219.411021
storageQueue_3-5537,8388608,W,44487320,8,44219.411027
kworker/6:1H-422,8388608,W,44308096,8,44219.411051
kworker/6:1H-422,8388608,W,44308104,8,44219.411106
storageQueue_2-5531,8388608,W,44487368,8,44219.411309
storageQueue_2-5531,8388608,W,44487400,32,44219.411357
storageQueue_1-5522,8388608,W,44487432,24,44219.411419
storageQueue_1-5522,8388608,W,44472920,8,44219.411432
kworker/4:1H-218,8388608,W,44308112,8,44219.411453
kworker/4:1H-218,8388608,W,44308120,8,44219.411537
storageQueue_3-5537,8388608,W,44487392,8,44219.411659
storageQueue_3-5537,8388608,W,44487456,32,44219.411673
storageQueue_1-5522,8388608,W,44487488,8,44219.411684
storageQueue_3-5537,8388608,W,44487448,8,44219.411686
storageQueue_2-5531,8388608,W,44487496,24,44219.41178
storageQueue_2-5531,8388608,W,44487424,8,44219.411786
storageQueue_2-5531,8388608,W,44308128,16,44219.411791
kworker/6:1H-422,8388608,W,44308144,8,44219.411859
egram.messenger-5451,8388608,W,44487520,8,44219.412091
storageQueue_3-5537,8388608,W,44487528,32,44219.412125
storageQueue_3-5537,8388608,W,44487480,8,44219.412132
storageQueue_3-5537,8388608,W,44487560,24,44219.412137
storageQueue_2-5531,8388608,W,44487512,8,44219.41214
kworker/4:1H-218,8388608,W,44308152,8,44219.412228
kworker/5:1H-437,8388608,W,44308160,8,44219.412274
storageQueue_1-5522,8388608,W,44487488,8,44219.412283
kworker/5:1H-437,8388608,W,44308168,8,44219.412284
storageQueue_1-5522,8388608,W,44487584,8,44219.412289
kworker/5:1H-437,8388608,W,44308176,8,44219.412384
storageQueue_2-5531,8388608,W,44487576,8,44219.412595
storageQueue_2-5531,8388608,W,44487592,24,44219.412614
kworker/6:1H-422,8388608,W,44308184,8,44219.412675
storageQueue_3-5537,8388608,W,44487552,8,44219.412869
storageQueue_3-5537,8388608,W,44487616,40,44219.412887
storageQueue_2-5531,8388608,W,44487656,24,44219.412911
storageQueue_2-5531,8388608,W,44487608,8,44219.412917
kworker/5:1H-437,8388608,W,44308192,8,44219.412959
kworker/6:1H-422,8388608,W,44308200,8,44219.412992
storageQueue_2-5531,8388608,W,44487672,16,44219.41312
storageQueue_3-5537,8388608,W,44487688,24,44219.413194
storageQueue_3-5537,8388608,W,44487648,8,44219.413211
kworker/5:1H-437,8388608,W,44308208,8,44219.413267
kworker/5:1H-437,8388608,W,44308216,8,44219.413317
storageQueue_2-5531,8388608,W,44487680,8,44219.413463
storageQueue_2-5531,8388608,W,44487712,32,44219.41347
storageQueue_3-5537,8388608,W,44487744,24,44219.41358
storageQueue_3-5537,8388608,W,44487704,8,44219.413586
kworker/5:1H-437,8388608,W,44308224,8,44219.413626
kworker/6:1H-422,8388608,W,44308232,8,44219.41368
kworker/1:1H-228,8388608,W,44487768,16,44219.414246
storageQueue_3-5537,8388608,W,44487792,8,44219.414277
storageQueue_2-5531,8388608,W,44487736,8,44219.414281
kworker/1:1H-228,8388608,W,44487784,8,44219.414285
storageQueue_3-5537,8388608,W,44487760,8,44219.414289
kworker/1:1H-228,8388608,W,44487800,24,44219.414296
kworker/6:1H-422,8388608,W,44308240,8,44219.414475
kworker/1:1H-228,8388608,W,44308248,8,44219.414526
storageQueue_2-5531,8388608,W,44487816,32,44219.414682
kworker/6:1H-422,8388608,W,44308256,8,44219.414764
storageQueue_2-5531,8388608,W,44487840,32,44219.414963
kworker/6:1H-422,8388608,W,44308264,8,44219.415057
storageQueue_3-5537,8388608,W,44487792,8,44219.41511
storageQueue_3-5537,8388608,W,44487872,32,44219.415124
storageQueue_2-5531,8388608,W,44487904,32,44219.415263
storageQueue_2-5531,8388608,W,44487864,8,44219.415268
storageQueue_2-5531,8388608,W,44308272,8,44219.415275
kworker/6:1H-422,8388608,W,44308280,8,44219.415447
storageQueue_3-5537,8388608,W,44487896,8,44219.41562
storageQueue_3-5537,8388608,W,44487936,24,44219.415636
kworker/1:1H-228,8388608,W,44308288,8,44219.415789
storageQueue_2-5531,8388608,W,44487928,8,44219.415793
storageQueue_2-5531,8388608,W,44487960,32,44219.415799
kworker/6:1H-422,8388608,W,44308296,8,44219.415855
storageQueue_2-5531,8388608,W,44487984,48,44219.416029
kworker/6:1H-422,8388608,W,44308304,8,44219.416093
storageQueue_2-5531,8388608,W,44488024,32,44219.416337
storageQueue_3-5537,8388608,W,44308312,8,44219.416468
storageQueue_3-5537,8388608,W,44488056,32,44219.416481
storageQueue_3-5537,8388608,W,44487952,8,44219.416483
kworker/6:1H-422,8388608,W,44308320,8,44219.416699
storageQueue_2-5531,8388608,W,44488048,8,44219.416836
storageQueue_2-5531,8388608,W,44488088,24,44219.416843
storageQueue_3-5537,8388608,W,44488112,32,44219.416909
storageQueue_3-5537,8388608,W,44488080,8,44219.416915
kworker/6:1H-422,8388608,W,44308328,8,44219.41698
kworker/6:1H-422,8388608,W,44308336,8,44219.417003
storageQueue_2-5531,8388608,W,44488104,8,44219.417309
storageQueue_2-5531,8388608,W,44488144,24,44219.417316
kworker/4:1H-218,8388608,W,44488136,8,44219.417405
storageQueue_3-5537,8388608,W,44308344,8,44219.417407
storageQueue_3-5537,8388608,W,44488168,32,44219.417414
kworker/1:1H-228,8388608,W,44308352,8,44219.417574
storageQueue_2-5531,8388608,W,44488160,8,44219.417677
storageQueue_2-5531,8388608,W,44488200,32,44219.417697
egram.messenger-5451,8388608,W,44488232,8,44219.417777
egram.messenger-5451,8388608,W,44308360,8,44219.417784
storageQueue_2-5531,8388608,W,44308368,8,44219.417975
storageQueue_2-5531,8388608,W,44488224,8,44219.41798
storageQueue_2-5531,8388608,W,44488240,24,44219.417983
kworker/6:1H-422,8388608,W,44308376,8,44219.418062
storageQueue_3-5537,8388608,W,44488264,24,44219.418066
storageQueue_3-5537,8388608,W,44488192,8,44219.418078
kworker/2:1H-225,8388608,W,44308384,8,44219.418217
storageQueue_2-5531,8388608,W,44488256,8,44219.418242
storageQueue_2-5531,8388608,W,44488288,32,44219.418248
kworker/6:1H-422,8388608,W,44308392,8,44219.418317
storageQueue_3-5537,8388608,W,44488280,8,44219.418468
storageQueue_3-5537,8388608,W,44488320,24,44219.418483
kworker/6:1H-422,8388608,W,44308400,8,44219.418546
storageQueue_2-5531,8388608,W,44488312,8,44219.418776
storageQueue_2-5531,8388608,W,44488344,32,44219.41879
Thread-4-3029,8388608,W,44308408,8,44219.418949
storageQueue_3-5537,8388608,W,44488336,8,44219.419087
storageQueue_3-5537,8388608,W,44488376,24,44219.419108
kworker/4:1H-218,8388608,W,44308416,8,44219.419206
storageQueue_3-5537,8388608,W,44488392,32,44219.419496
storageQueue_2-5531,8388608,W,44488424,32,44219.419532
storageQueue_2-5531,8388608,W,44488368,8,44219.419552
kworker/6:1H-422,8388608,W,44308424,16,44219.419637
storageQueue_3-5537,8388608,W,44488416,8,44219.419851
storageQueue_3-5537,8388608,W,44488456,24,44219.419868
kworker/6:1H-422,8388608,W,44308440,8,44219.419921
storageQueue_2-5531,8388608,W,44488448,8,44219.420117
storageQueue_3-5537,8388608,W,44488504,48,44219.420145
storageQueue_2-5531,8388608,W,44488480,24,44219.42015
storageQueue_3-5537,8388608,W,44488472,8,44219.420152
kworker/6:1H-422,8388608,W,44308448,8,44219.420216
kworker/1:1H-228,8388608,W,44308456,8,44219.420371
storageQueue_3-5537,8388608,W,44488544,40,44219.420433
kworker/6:1H-422,8388608,W,44308464,8,44219.420498
storageQueue_2-5531,8388608,W,44488496,8,44219.420626
storageQueue_2-5531,8388608,W,44488584,24,44219.420636
storageQueue_3-5537,8388608,W,44488608,24,44219.42071
storageQueue_3-5537,8388608,W,44488576,8,44219.420715
kworker/5:1H-437,8388608,W,44308472,8,44219.420719
kworker/5:1H-437,8388608,W,44308480,8,44219.42079
storageQueue_3-5537,8388608,W,44488624,40,44219.421095
storageQueue_2-5531,8388608,W,44488664,24,44219.421207
Thread-4-3029,8388608,W,44308488,8,44219.421225
storageQueue_2-5531,8388608,W,44488600,8,44219.421249
kworker/4:1H-218,8388608,W,44308496,8,44219.421395
egram.messenger-5451,8388608,W,44488688,8,44219.421499
storageQueue_3-5537,8388608,W,44488696,24,44219.421541
Thread-4-3029,8388608,W,44488656,8,44219.421556
kworker/6:1H-422,8388608,W,44308504,8,44219.421569
kworker/6:1H-422,8388608,W,44308512,8,44219.421642
kworker/6:1H-422,8388608,W,44488720,24,44219.421652
storageQueue_2-5531,8388608,W,44488680,8,44219.421654
kworker/4:1H-218,8388608,W,44308520,8,44219.421824
storageQueue_3-5537,8388608,W,44488712,8,44219.42183
storageQueue_3-5537,8388608,W,44488744,24,44219.421836
kworker/6:1H-422,8388608,W,44308528,8,44219.421896
storageQueue_3-5537,8388608,W,44488760,56,44219.422125
storageQueue_2-5531,8388608,W,44488816,24,44219.422145
storageQueue_2-5531,8388608,W,44488736,8,44219.422153
Thread-4-3029,8388608,W,44308536,8,44219.422203
kworker/5:1H-437,8388608,W,44308544,8,44219.422237
storageQueue_3-5537,8388608,W,44488808,8,44219.422383
storageQueue_3-5537,8388608,W,44488840,24,44219.422389
kworker/6:1H-422,8388608,W,44308552,8,44219.422447
storageQueue_2-5531,8388608,W,44488832,8,44219.422555
storageQueue_2-5531,8388608,W,44488864,48,44219.422562
storageQueue_3-5537,8388608,W,44488912,24,44219.422592
storageQueue_3-5537,8388608,W,44488856,8,44219.422597
kworker/6:1H-422,8388608,W,44308560,8,44219.422657
kworker/6:1H-422,8388608,W,44308568,8,44219.422725
storageQueue_2-5531,8388608,W,44488904,8,44219.422909
storageQueue_2-5531,8388608,W,44488936,32,44219.422918
storageQueue_3-5537,8388608,W,44488968,48,44219.42299
storageQueue_3-5537,8388608,W,44488928,8,44219.422996
kworker/5:1H-437,8388608,W,44308576,8,44219.423045
kworker/6:1H-422,8388608,W,44308584,8,44219.423072
storageQueue_2-5531,8388608,W,44488960,8,44219.423218
storageQueue_2-5531,8388608,W,44489016,24,44219.423225
kworker/6:1H-422,8388608,W,44308592,8,44219.423277
storageQueue_3-5537,8388608,W,44489008,8,44219.42344
storageQueue_3-5537,8388608,W,44489040,56,44219.423447
kworker/5:1H-437,8388608,W,44308600,8,44219.423535
storageQueue_2-5531,8388608,W,44489032,8,44219.423569
storageQueue_2-5531,8388608,W,44489096,32,44219.423577
kworker/4:1H-218,8388608,W,44308608,8,44219.423729
storageQueue_3-5537,8388608,W,44489088,8,44219.423774
storageQueue_3-5537,8388608,W,44489128,32,44219.423783
kworker/6:1H-422,8388608,W,44308616,8,44219.423845
storageQueue_2-5531,8388608,W,44489120,8,44219.423959
storageQueue_2-5531,8388608,W,44489160,24,44219.423979
storageQueue_3-5537,8388608,W,44489184,32,44219.424018
storageQueue_3-5537,8388608,W,44489152,8,44219.424025
kworker/4:1H-218,8388608,W,44308624,8,44219.42405
kworker/6:1H-422,8388608,W,44308632,8,44219.424087
storageQueue_3-5537,8388608,W,44489208,32,44219.42426
storageQueue_2-5531,8388608,W,44489240,24,44219.424278
storageQueue_2-5531,8388608,W,44489176,8,44219.424287
kworker/6:1H-422,8388608,W,44308640,8,44219.42432
kworker/4:1H-218,8388608,W,44308648,8,44219.424397
storageQueue_3-5537,8388608,W,44489232,8,44219.424501
storageQueue_3-5537,8388608,W,44489264,32,44219.424511
kworker/6:1H-422,8388608,W,44308656,8,44219.424564
storageQueue_2-5531,8388608,W,44489256,8,44219.424704
storageQueue_2-5531,8388608,W,44489296,48,44219.424711
storageQueue_3-5537,8388608,W,44489344,32,44219.424722
storageQueue_3-5537,8388608,W,44489288,8,44219.424727
kworker/6:1H-422,8388608,W,44308664,8,44219.4248
kworker/2:1H-225,8388608,W,44308672,8,44219.424863
storageQueue_2-5531,8388608,W,44489336,8,44219.424944
storageQueue_2-5531,8388608,W,44489376,24,44219.424949
kworker/0:0H-5,8388608,W,44308680,8,44219.425099
storageQueue_3-5537,8388608,W,44489368,8,44219.425107
storageQueue_3-5537,8388608,W,44489400,32,44219.425112
kworker/0:0H-5,8388608,W,44308688,8,44219.425292
storageQueue_2-5531,8388608,W,44489392,8,44219.425411
storageQueue_2-5531,8388608,W,44489432,24,44219.425418
kworker/1:1H-228,8388608,W,44308696,8,44219.425567
storageQueue_3-5537,8388608,W,44489424,8,44219.425591
storageQueue_3-5537,8388608,W,44489456,24,44219.425597
kworker/5:1H-437,8388608,W,44308704,8,44219.425693
storageQueue_2-5531,8388608,W,44489448,8,44219.425786
storageQueue_2-5531,8388608,W,44489480,48,44219.425792
kworker/6:1H-422,8388608,W,44308712,8,44219.425878
storageQueue_3-5537,8388608,W,44489472,8,44219.425968
storageQueue_3-5537,8388608,W,44489528,32,44219.425976
storageQueue_2-5531,8388608,W,44489560,56,44219.426061
storageQueue_2-5531,8388608,W,44489520,8,44219.426079
kworker/4:1H-218,8388608,W,44308720,8,44219.426082
kworker/6:1H-422,8388608,W,44308728,8,44219.426141
storageQueue_3-5537,8388608,W,44489552,8,44219.426399
storageQueue_3-5537,8388608,W,44489616,24,44219.426419
kworker/4:1H-218,8388608,W,44308736,8,44219.426626
storageQueue_3-5537,8388608,W,44489632,8,44219.426892
storageQueue_2-5531,8388608,W,44489688,8,44219.426899
storageQueue_3-5537,8388608,W,44489640,8,44219.4269
storageQueue_3-5537,8388608,W,44489648,8,44219.426905
storageQueue_2-5531,8388608,W,44489608,8,44219.426906
storageQueue_3-5537,8388608,W,44489656,8,44219.426908
storageQueue_3-5537,8388608,W,44489664,8,44219.42691
storageQueue_3-5537,8388608,W,44489672,8,44219.426913
storageQueue_3-5537,8388608,W,44489680,8,44219.426915
kworker/6:1H-422,8388608,W,44308744,8,44219.426989
kworker/4:1H-218,8388608,W,44308752,8,44219.427016
storageQueue_3-5537,8388608,W,44489680,8,44219.427155
storageQueue_3-5537,8388608,W,44489696,24,44219.427161
kworker/6:1H-422,8388608,W,44308760,8,44219.427217
storageQueue_2-5531,8388608,W,44489688,8,44219.427318
storageQueue_2-5531,8388608,W,44489720,32,44219.427325
storageQueue_3-5537,8388608,W,44489752,24,44219.427382
storageQueue_3-5537,8388608,W,44489712,8,44219.427388
kworker/6:1H-422,8388608,W,44308768,8,44219.427472
kworker/6:1H-422,8388608,W,44308776,8,44219.427512
storageQueue_2-5531,8388608,W,44489744,8,44219.427726
storageQueue_2-5531,8388608,W,44489776,24,44219.427741
Thread-4-3029,8388608,W,44308784,8,44219.427848
storageQueue_2-5531,8388608,W,44489792,40,44219.428075
kworker/6:1H-422,8388608,W,44308792,8,44219.428163
storageQueue_2-5531,8388608,W,44489824,40,44219.428347
kworker/6:1H-422,8388608,W,44489864,48,44219.42843
storageQueue_3-5537,8388608,W,44308800,8,44219.428437
storageQueue_3-5537,8388608,W,44489768,8,44219.428449
kworker/6:1H-422,8388608,W,44308808,8,44219.428575
storageQueue_2-5531,8388608,W,44489856,8,44219.428779
storageQueue_2-5531,8388608,W,44489912,32,44219.428786
storageQueue_3-5537,8388608,W,44489944,24,44219.428837
storageQueue_3-5537,8388608,W,44489904,8,44219.428843
kworker/6:1H-422,8388608,W,44308816,8,44219.428868
kworker/4:1H-218,8388608,W,44308824,8,44219.428997
storageQueue_2-5531,8388608,W,44489936,8,44219.429037
storageQueue_2-5531,8388608,W,44489968,24,44219.429044
kworker/2:1H-225,8388608,W,44308832,8,44219.42917
storageQueue_3-5537,8388608,W,44489960,8,44219.429235
storageQueue_3-5537,8388608,W,44489992,32,44219.429247
kworker/4:1H-218,8388608,W,44308840,8,44219.429371
storageQueue_2-5531,8388608,W,44489984,8,44219.429435
storageQueue_2-5531,8388608,W,44490024,8,44219.429443
storageQueue_2-5531,8388608,W,44490032,32,44219.429447
kworker/6:1H-422,8388608,W,44308848,8,44219.429546
kworker/4:1H-218,8388608,W,44308856,8,44219.429589
storageQueue_3-5537,8388608,W,44490016,8,44219.429842
storageQueue_3-5537,8388608,W,44490064,24,44219.429856
storageQueue_2-5531,8388608,W,44490088,24,44219.429871
storageQueue_2-5531,8388608,W,44490056,8,44219.429876
kworker/6:1H-422,8388608,W,44308864,16,44219.430055
storageQueue_2-5531,8388608,W,44490104,32,44219.43024
kworker/6:1H-422,8388608,W,44308880,8,44219.430311
storageQueue_2-5531,8388608,W,44490128,32,44219.430461
kworker/4:1H-218,8388608,W,44308888,8,44219.430563
storageQueue_3-5537,8388608,W,44490080,8,44219.430652
storageQueue_3-5537,8388608,W,44490160,32,44219.430666
storageQueue_2-5531,8388608,W,44490192,24,44219.430755
storageQueue_2-5531,8388608,W,44490152,8,44219.430761
kworker/6:1H-422,8388608,W,44308896,8,44219.430831
kworker/6:1H-422,8388608,W,44308904,8,44219.430845
storageQueue_2-5531,8388608,W,44490208,56,44219.431076
storageQueue_3-5537,8388608,W,44490264,24,44219.431141
storageQueue_3-5537,8388608,W,44490184,8,44219.431148
kworker/6:1H-422,8388608,W,44308912,8,44219.431156
kworker/6:1H-422,8388608,W,44308920,8,44219.431254
storageQueue_2-5531,8388608,W,44490256,8,44219.431447
storageQueue_2-5531,8388608,W,44490288,24,44219.431454
storageQueue_3-5537,8388608,W,44490312,40,44219.431512
storageQueue_3-5537,8388608,W,44490280,8,44219.431518
kworker/6:1H-422,8388608,W,44308928,8,44219.431552
kworker/4:1H-218,8388608,W,44308936,8,44219.43163
storageQueue_2-5531,8388608,W,44490304,8,44219.431729
storageQueue_2-5531,8388608,W,44490352,32,44219.431736
kworker/4:1H-218,8388608,W,44308944,8,44219.431881
storageQueue_3-5537,8388608,W,44490344,8,44219.431927
storageQueue_3-5537,8388608,W,44490384,32,44219.431938
kworker/5:1H-437,8388608,W,44308952,8,44219.432079
storageQueue_2-5531,8388608,W,44490376,8,44219.4321
storageQueue_2-5531,8388608,W,44490416,24,44219.432108
kworker/0:0H-5,8388608,W,44308960,8,44219.4325
storageQueue_3-5537,8388608,W,44490408,8,44219.43271
storageQueue_3-5537,8388608,W,44490440,48,44219.432724
kworker/5:1H-437,8388608,W,44308968,8,44219.432865
storageQueue_3-5537,8388608,W,44490480,32,44219.433119
kworker/5:1H-437,8388608,W,44308976,8,44219.4332
storageQueue_2-5531,8388608,W,44490432,8,44219.433397
storageQueue_2-5531,8388608,W,44490512,32,44219.433424
storageQueue_3-5537,8388608,W,44490504,8,44219.433451
storageQueue_3-5537,8388608,W,44633904,32,44219.433457
kworker/5:1H-437,8388608,W,44308984,8,44219.433554
kworker/2:1H-225,8388608,W,44308992,8,44219.433639
storageQueue_3-5537,8388608,W,44633928,32,44219.433764
kworker/5:1H-437,8388608,W,44309000,8,44219.433843
storageQueue_3-5537,8388608,W,44633952,32,44219.434066
kworker/2:1H-225,8388608,W,44309008,8,44219.434191
storageQueue_2-5531,8388608,W,44490536,8,44219.434323
storageQueue_2-5531,8388608,W,44633984,24,44219.434351
kworker/4:1H-218,8388608,W,44309016,8,44219.434542
storageQueue_3-5537,8388608,W,44633976,8,44219.434815
storageQueue_2-5531,8388608,W,44634040,40,44219.434842
storageQueue_2-5531,8388608,W,44634000,8,44219.43485
storageQueue_3-5537,8388608,W,44634008,32,44219.434856
kworker/1:1H-228,8388608,W,44309024,8,44219.435008
kworker/2:1H-225,8388608,W,44309032,8,44219.435077
storageQueue_2-5531,8388608,W,44634072,40,44219.435396
kworker/4:1H-218,8388608,W,44309040,8,44219.435501
storageQueue_3-5537,8388608,W,44634032,8,44219.435677
storageQueue_3-5537,8388608,W,44634112,24,44219.43569
kworker/1:1H-228,8388608,W,44309048,8,44219.435845
storageQueue_2-5531,8388608,W,44634104,8,44219.436072
storageQueue_2-5531,8388608,W,44634136,48,44219.436112
storageQueue_3-5537,8388608,W,44634184,40,44219.436131
storageQueue_3-5537,8388608,W,44634128,8,44219.436141
kworker/4:1H-218,8388608,W,44309056,8,44219.436234
kworker/1:1H-228,8388608,W,44309064,8,44219.436293
storageQueue_3-5537,8388608,W,44634216,32,44219.436584
kworker/5:1H-437,8388608,W,44309072,8,44219.436788
storageQueue_2-5531,8388608,W,44634176,8,44219.436829
storageQueue_2-5531,8388608,W,44634248,24,44219.436859
storageQueue_3-5537,8388608,W,44634240,8,44219.437026
storageQueue_3-5537,8388608,W,44634272,24,44219.437036
kworker/2:1H-225,8388608,W,44309080,8,44219.437081
kworker/2:1H-225,8388608,W,44309088,8,44219.43718
storageQueue_2-5531,8388608,W,44634264,8,44219.43739
storageQueue_2-5531,8388608,W,44634296,32,44219.43741
kworker/5:1H-437,8388608,W,44309096,8,44219.437475
storageQueue_3-5537,8388608,W,44634288,8,44219.437676
storageQueue_3-5537,8388608,W,44634328,24,44219.437715
storageQueue_2-5531,8388608,W,44634352,24,44219.437742
storageQueue_2-5531,8388608,W,44634320,8,44219.43775
kworker/5:1H-437,8388608,W,44309104,8,44219.437819
kworker/5:1H-437,8388608,W,44309112,8,44219.437879
storageQueue_3-5537,8388608,W,44634344,8,44219.438252
storageQueue_3-5537,8388608,W,44634376,24,44219.438259
kworker/1:1H-228,8388608,W,44309120,8,44219.43841
kworker/1:1H-228,8388608,W,44634400,24,44219.438427
storageQueue_2-5531,8388608,W,44634368,8,44219.438432
kworker/2:1H-225,8388608,W,44309128,8,44219.438632
storageQueue_3-5537,8388608,W,44634392,8,44219.439044
storageQueue_3-5537,8388608,W,44634424,32,44219.439057
storageQueue_2-5531,8388608,W,44634456,32,44219.439218
kworker/1:1H-228,8388608,W,44309136,8,44219.439256
storageQueue_2-5531,8388608,W,44634416,8,44219.439259
kworker/1:1H-228,8388608,W,44309144,8,44219.439531
storageQueue_3-5537,8388608,W,44634448,8,44219.439729
storageQueue_3-5537,8388608,W,44634488,48,44219.439737
storageQueue_2-5531,8388608,W,44634536,24,44219.439875
storageQueue_2-5531,8388608,W,44634480,8,44219.439882
kworker/0:0H-5,8388608,W,44309152,8,44219.439981
kworker/0:0H-5,8388608,W,44309160,8,44219.440073
storageQueue_3-5537,8388608,W,44634528,8,44219.440811
storageQueue_3-5537,8388608,W,44634552,16,44219.440833
storageQueue_3-5537,8388608,W,44634568,8,44219.440838
storageQueue_3-5537,8388608,W,44634576,8,44219.440841
storageQueue_3-5537,8388608,W,44634584,16,44219.440844
storageQueue_3-5537,8388608,W,44634600,24,44219.440848
kworker/1:1H-228,8388608,W,44309168,8,44219.441033
kworker/4:1H-218,8388608,W,44309176,8,44219.441095
storageQueue_3-5537,8388608,W,44634592,8,44219.441636
storageQueue_3-5537,8388608,W,44634624,24,44219.441678
kworker/6:1H-422,8388608,W,44309184,8,44219.441821
storageQueue_2-5531,8388608,W,44634616,8,44219.441855
storageQueue_2-5531,8388608,W,44634648,24,44219.441859
kworker/4:1H-218,8388608,W,44309192,8,44219.441996
storageQueue_3-5537,8388608,W,44634640,8,44219.442057
storageQueue_3-5537,8388608,W,44634672,24,44219.442065
kworker/4:1H-218,8388608,W,44309200,8,44219.442156
storageQueue_2-5531,8388608,W,44634664,8,44219.442446
storageQueue_2-5531,8388608,W,44634696,24,44219.442474
kworker/4:1H-218,8388608,W,44309208,8,44219.44263
storageQueue_3-5537,8388608,W,44634688,8,44219.442994
storageQueue_3-5537,8388608,W,44634720,24,44219.443041
storageQueue_2-5531,8388608,W,44634744,24,44219.443179
storageQueue_2-5531,8388608,W,44634712,8,44219.443192
kworker/5:1H-437,8388608,W,44309216,16,44219.443361
storageQueue_2-5531,8388608,W,44634760,32,44219.443734
kworker/0:0H-5,8388608,W,44309232,8,44219.443887
storageQueue_3-5537,8388608,W,44634736,8,44219.443926
storageQueue_3-5537,8388608,W,44634792,40,44219.443935
kworker/0:0H-5,8388608,W,44309240,8,44219.444096
storageQueue_2-5531,8388608,W,44634784,8,44219.444252
storageQueue_2-5531,8388608,W,44634832,32,44219.444259
kworker/1:1H-228,8388608,W,44309248,8,44219.444381
storageQueue_3-5537,8388608,W,44634824,8,44219.44449
storageQueue_3-5537,8388608,W,44634864,24,44219.444509
kworker/5:1H-437,8388608,W,44309256,8,44219.444589
storageQueue_2-5531,8388608,W,44634856,8,44219.444769
storageQueue_2-5531,8388608,W,44634888,48,44219.444787
storageQueue_3-5537,8388608,W,44634936,24,44219.444819
storageQueue_3-5537,8388608,W,44634880,8,44219.444828
kworker/5:1H-437,8388608,W,44309264,8,44219.444882
kworker/4:1H-218,8388608,W,44309272,8,44219.444906
storageQueue_2-5531,8388608,W,44634928,8,44219.445161
storageQueue_2-5531,8388608,W,44634960,24,44219.445168
storageQueue_3-5537,8388608,W,44634984,40,44219.445191
storageQueue_3-5537,8388608,W,44634952,8,44219.445198
kworker/4:1H-218,8388608,W,44309280,8,44219.445273
kworker/4:1H-218,8388608,W,44309288,8,44219.445281
storageQueue_2-5531,8388608,W,44634976,8,44219.445501
storageQueue_2-5531,8388608,W,44635024,24,44219.445514
storageQueue_3-5537,8388608,W,44635048,48,44219.445555
storageQueue_3-5537,8388608,W,44635016,8,44219.445564
kworker/6:1H-422,8388608,W,44309296,8,44219.445581
kworker/4:1H-218,8388608,W,44309304,8,44219.445742
storageQueue_2-5531,8388608,W,44635040,8,44219.445838
storageQueue_2-5531,8388608,W,44635096,24,44219.445845
kworker/5:1H-437,8388608,W,44309312,8,44219.445916
storageQueue_3-5537,8388608,W,44635088,8,44219.445968
storageQueue_3-5537,8388608,W,44635120,24,44219.445975
kworker/4:1H-218,8388608,W,44309320,8,44219.446076
storageQueue_2-5531,8388608,W,44635112,8,44219.446145
storageQueue_2-5531,8388608,W,44635144,24,44219.446153
kworker/5:1H-437,8388608,W,44309328,8,44219.44629
storageQueue_3-5537,8388608,W,44635136,8,44219.44661
storageQueue_3-5537,8388608,W,44635168,24,44219.446624
storageQueue_2-5531,8388608,W,44635192,40,44219.446745
storageQueue_2-5531,8388608,W,44635160,8,44219.446753
kworker/5:1H-437,8388608,W,44309336,8,44219.446931
kworker/5:1H-437,8388608,W,44309344,8,44219.447031
storageQueue_3-5537,8388608,W,44635184,8,44219.447587
storageQueue_3-5537,8388608,W,44635232,24,44219.447595
storageQueue_2-5531,8388608,W,44635256,24,44219.447677
storageQueue_2-5531,8388608,W,44635224,8,44219.44769
kworker/4:1H-218,8388608,W,44309352,8,44219.447806
kworker/4:1H-218,8388608,W,44309360,8,44219.447845
storageQueue_3-5537,8388608,W,44635248,8,44219.448187
storageQueue_3-5537,8388608,W,44635280,24,44219.448194
storageQueue_2-5531,8388608,W,44635304,24,44219.448442
storageQueue_2-5531,8388608,W,44635272,8,44219.44845
kworker/4:1H-218,8388608,W,44309368,8,44219.448535
kworker/4:1H-218,8388608,W,44309376,8,44219.448635
storageQueue_2-5531,8388608,W,44635320,48,44219.448869
kworker/3:1H-227,8388608,W,44309384,8,44219.44904
storageQueue_3-5537,8388608,W,44635296,8,44219.449459
storageQueue_3-5537,8388608,W,44635368,32,44219.449473
storageQueue_2-5531,8388608,W,44635400,48,44219.449678
storageQueue_2-5531,8388608,W,44635360,8,44219.449685
kworker/5:1H-437,8388608,W,44309392,8,44219.449729
kworker/5:1H-437,8388608,W,44309400,8,44219.449802
storageQueue_3-5537,8388608,W,44635392,8,44219.450019
storageQueue_3-5537,8388608,W,44635448,24,44219.450026
kworker/3:1H-227,8388608,W,44309408,8,44219.450193
storageQueue_2-5531,8388608,W,44635440,8,44219.45037
storageQueue_2-5531,8388608,W,44635472,24,44219.450383
storageQueue_3-5537,8388608,W,44635464,8,44219.450537
storageQueue_3-5537,8388608,W,44635496,32,44219.450544
kworker/3:1H-227,8388608,W,44309416,8,44219.450609
kworker/3:1H-227,8388608,W,44309424,8,44219.450708
storageQueue_3-5537,8388608,W,44635520,32,44219.451503
storageQueue_2-5531,8388608,W,44635552,24,44219.451559
storageQueue_2-5531,8388608,W,44635488,8,44219.451572
kworker/4:1H-218,8388608,W,44309432,8,44219.451786
kworker/4:1H-218,8388608,W,44309440,8,44219.451827
storageQueue_2-5531,8388608,W,44635568,32,44219.452294
storageQueue_3-5537,8388608,W,44635600,32,44219.452557
storageQueue_3-5537,8388608,W,44635544,8,44219.452569
storageQueue_3-5537,8388608,W,44309448,8,44219.452578
kworker/4:1H-218,8388608,W,44309456,8,44219.452739
storageQueue_2-5531,8388608,W,44635592,8,44219.452978
storageQueue_2-5531,8388608,W,44635632,24,44219.452986
storageQueue_3-5537,8388608,W,44635624,8,44219.453053
storageQueue_3-5537,8388608,W,44635656,24,44219.45306
kworker/4:1H-218,8388608,W,44309464,8,44219.453127
kworker/3:1H-227,8388608,W,44309472,8,44219.453177
storageQueue_2-5531,8388608,W,44635648,8,44219.453559
storageQueue_2-5531,8388608,W,44635680,32,44219.453566
kworker/4:1H-218,8388608,W,44309480,8,44219.453663
storageQueue_3-5537,8388608,W,44635672,8,44219.453695
storageQueue_3-5537,8388608,W,44635712,24,44219.453703
kworker/5:1H-437,8388608,W,44309488,8,44219.453785
storageQueue_2-5531,8388608,W,44635704,8,44219.45394
storageQueue_2-5531,8388608,W,44635736,24,44219.453946
kworker/3:1H-227,8388608,W,44309496,8,44219.454271
storageQueue_3-5537,8388608,W,44635728,8,44219.454505
storageQueue_3-5537,8388608,W,44635760,48,44219.454553
kworker/4:1H-218,8388608,W,44309504,8,44219.454687
storageQueue_2-5531,8388608,W,44635752,8,44219.455183
storageQueue_2-5531,8388608,W,44635808,32,44219.455225
storageQueue_3-5537,8388608,W,44635840,32,44219.455292
storageQueue_3-5537,8388608,W,44635800,8,44219.455325
kworker/4:1H-218,8388608,W,44309512,8,44219.455393
kworker/0:0H-5,8388608,W,44309520,8,44219.455782
storageQueue_2-5531,8388608,W,44635832,8,44219.455837
storageQueue_2-5531,8388608,W,44635872,24,44219.455846
kworker/5:1H-437,8388608,W,44309528,8,44219.455942
storageQueue_3-5537,8388608,W,44635864,8,44219.456249
storageQueue_3-5537,8388608,W,44635896,24,44219.456285
storageQueue_2-5531,8388608,W,44635920,32,44219.456321
storageQueue_2-5531,8388608,W,44635888,8,44219.456329
kworker/5:1H-437,8388608,W,44309536,8,44219.456461
kworker/3:1H-227,8388608,W,44309544,8,44219.456617
storageQueue_2-5531,8388608,W,44635944,32,44219.456947
kworker/5:1H-437,8388608,W,44309552,8,44219.457064
storageQueue_3-5537,8388608,W,44635912,8,44219.457132
storageQueue_3-5537,8388608,W,44635976,24,44219.457143
kworker/4:1H-218,8388608,W,44636000,24,44219.4573
kworker/4:1H-218,8388608,W,44635968,8,44219.457308
kworker/4:1H-218,8388608,W,44309560,8,44219.457356
kworker/4:1H-218,8388608,W,44309568,8,44219.457455
storageQueue_3-5537,8388608,W,44635992,8,44219.457651
storageQueue_3-5537,8388608,W,44636024,24,44219.457674
kworker/5:1H-437,8388608,W,44309576,8,44219.457769
storageQueue_2-5531,8388608,W,44636016,8,44219.45779
storageQueue_2-5531,8388608,W,44636048,48,44219.457798
kworker/4:1H-218,8388608,W,44309584,8,44219.457894
storageQueue_3-5537,8388608,W,44636040,8,44219.458084
storageQueue_3-5537,8388608,W,44636096,48,44219.458092
storageQueue_2-5531,8388608,W,44636144,32,44219.458198
storageQueue_2-5531,8388608,W,44636088,8,44219.458205
storageQueue_2-5531,8388608,W,44309592,8,44219.458209
kworker/4:1H-218,8388608,W,44309600,8,44219.458299
storageQueue_3-5537,8388608,W,44636136,8,44219.458466
storageQueue_3-5537,8388608,W,44636176,24,44219.458474
kworker/5:1H-437,8388608,W,44309608,8,44219.458575
storageQueue_2-5531,8388608,W,44636168,8,44219.458698
storageQueue_2-5531,8388608,W,44636200,24,44219.458713
storageQueue_3-5537,8388608,W,44636192,8,44219.458894
storageQueue_3-5537,8388608,W,44636224,48,44219.458901
kworker/5:1H-437,8388608,W,44309616,8,44219.458908
kworker/5:1H-437,8388608,W,44309624,8,44219.459025
storageQueue_3-5537,8388608,W,44636264,56,44219.459422
storageQueue_2-5531,8388608,W,44636320,24,44219.459439
storageQueue_2-5531,8388608,W,44636216,8,44219.459446
kworker/3:1H-227,8388608,W,44309632,8,44219.459617
kworker/3:1H-227,8388608,W,44309640,8,44219.459718
storageQueue_2-5531,8388608,W,44636336,32,44219.459938
kworker/1:1H-228,8388608,W,44309648,8,44219.460156
storageQueue_3-5537,8388608,W,44636312,8,44219.460264
storageQueue_3-5537,8388608,W,44636368,32,44219.460273
kworker/5:1H-437,8388608,W,44309656,8,44219.460353
storageQueue_2-5531,8388608,W,44636360,8,44219.460687
storageQueue_2-5531,8388608,W,44636400,48,44219.460706
storageQueue_2-5531,8388608,W,44636448,24,44219.460713
storageQueue_3-5537,8388608,W,44636392,8,44219.460717
kworker/5:1H-437,8388608,W,44309664,8,44219.46081
kworker/4:1H-218,8388608,W,44309672,8,44219.460843
storageQueue_2-5531,8388608,W,44636440,8,44219.461051
storageQueue_2-5531,8388608,W,44636472,24,44219.461059
storageQueue_3-5537,8388608,W,44636496,8,44219.461161
storageQueue_3-5537,8388608,W,44309680,8,44219.461174
storageQueue_3-5537,8388608,W,44636464,8,44219.461184
kworker/5:1H-437,8388608,W,44309688,8,44219.46138
storageQueue_2-5531,8388608,W,44636488,8,44219.461475
storageQueue_2-5531,8388608,W,44636504,48,44219.4615
kworker/6:1H-422,8388608,W,44309696,8,44219.461708
storageQueue_3-5537,8388608,W,44636496,8,44219.462095
storageQueue_3-5537,8388608,W,44636552,8,44219.462108
storageQueue_2-5531,8388608,W,44636560,48,44219.462173
kworker/5:1H-437,8388608,W,44309704,8,44219.462196
storageQueue_2-5531,8388608,W,44636544,8,44219.462206
kworker/5:1H-437,8388608,W,44309712,8,44219.462358
storageQueue_2-5531,8388608,W,44636600,40,44219.462748
kworker/6:1H-422,8388608,W,44309720,8,44219.462851
storageQueue_2-5531,8388608,W,44636632,32,44219.463095
kworker/6:1H-422,8388608,W,44309728,8,44219.463177
storageQueue_2-5531,8388608,W,44636656,16,44219.46344
kworker/6:1H-422,8388608,W,44309736,8,44219.463498
storageQueue_2-5531,8388608,W,44636664,16,44219.463973
kworker/6:1H-422,8388608,W,44309744,8,44219.464064
Thread-14-5518,8388608,W,44636680,8,44219.46819
kworker/7:1H-91,8388608,W,44309752,8,44219.468481
f2fs_ckpt-254:4-648,8388608,W,44636688,8,44219.50698
f2fs_ckpt-254:4-648,8388608,W,44636696,16,44219.507022
f2fs_ckpt-254:4-648,8388608,W,44636712,8,44219.507044
kworker/4:1H-218,8388608,W,26260288,72,44219.507181
kworker/4:1H-218,8388608,W,44309760,104,44219.5072
f2fs_ckpt-254:4-648,8388608,W,18333712,8,44219.507575
f2fs_ckpt-254:4-648,8388608,W,18333728,8,44219.507592
f2fs_ckpt-254:4-648,8388608,W,18334496,8,44219.507596
f2fs_ckpt-254:4-648,8388608,W,18346664,16,44219.5076
f2fs_ckpt-254:4-648,8388608,W,18362160,8,44219.507605
f2fs_ckpt-254:4-648,8388608,W,18362192,8,44219.507608
f2fs_ckpt-254:4-648,8388608,W,18366448,8,44219.507613
f2fs_ckpt-254:4-648,8388608,W,18874208,8,44219.507616
f2fs_ckpt-254:4-648,8388608,W,18874240,8,44219.507621
f2fs_ckpt-254:4-648,8388608,W,18991744,8,44219.507624
f2fs_ckpt-254:4-648,8388608,W,18325296,40,44219.507665
kworker/4:1H-218,8388608,W,18325336,8,44219.510579
pool-14-thread--5505,8388608,W,44636720,8,44219.511461
kworker/4:1H-218,8388608,W,44309864,8,44219.511613
kworker/u17:3-4922,8388608,W,44636728,8,44219.528422
kworker/5:1H-437,8388608,W,44309872,8,44219.528616
Thread-18-5535,8388608,W,44636736,8,44219.532553
kworker/2:1H-225,8388608,W,44309880,8,44219.532736
Thread-3-3028,8388608,W,19583392,8,44219.534425
Thread-3-3028,8388608,W,20179824,272,44219.534448
Thread-3-3028,8388608,W,20455104,16,44219.534454
Thread-3-3028,8388608,W,20452488,40,44219.534598
Thread-3-3028,8388608,W,20780744,8,44219.534616
Thread-3-3028,8388608,W,21432656,136,44219.534622
Thread-3-3028,8388608,W,76989464,16,44219.534627
Thread-3-3028,8388608,W,104654960,48,44219.534632
Thread-3-3028,8388608,W,143225824,32,44219.534637
Thread-3-3028,8388608,W,20057856,64,44219.534642
Thread-3-3028,8388608,W,20608416,8,44219.537078
Thread-3-3028,8388608,W,20735832,16,44219.53709
Thread-3-3028,8388608,W,29674040,8,44219.537099
Thread-3-3028,8388608,W,31419320,8,44219.537108
Thread-3-3028,8388608,W,31585664,8,44219.537117
Thread-3-3028,8388608,W,32584160,8,44219.537125
Thread-3-3028,8388608,W,32584184,8,44219.537133
Thread-3-3028,8388608,W,33258992,8,44219.537141
Thread-3-3028,8388608,W,33259080,8,44219.537149
Thread-3-3028,8388608,W,33422264,8,44219.537156
Thread-3-3028,8388608,W,33443920,8,44219.537164
Thread-3-3028,8388608,W,33498064,16,44219.537172
Thread-3-3028,8388608,W,33518208,8,44219.537179
Thread-3-3028,8388608,W,34346912,8,44219.537187
Thread-3-3028,8388608,W,44636744,8,44219.537194
Thread-3-3028,8388608,W,76989232,8,44219.537202
Thread-3-3028,8388608,W,76989488,8,44219.537209
Thread-3-3028,8388608,W,76989544,8,44219.537218
Thread-3-3028,8388608,W,142365952,8,44219.537226
Thread-3-3028,8388608,W,147814744,32,44219.537238
Thread-3-3028,8388608,W,147814808,16,44219.537247
Thread-3-3028,8388608,W,147814832,8,44219.537255
Thread-3-3028,8388608,W,147814848,8,44219.537264
Thread-3-3028,8388608,W,147815000,8,44219.537271
Thread-3-3028,8388608,W,147815144,8,44219.53728
Thread-3-3028,8388608,W,147815224,8,44219.537289
Thread-3-3028,8388608,W,147815312,8,44219.537297
Thread-3-3028,8388608,W,154402968,8,44219.537305
Thread-3-3028,8388608,W,154403016,8,44219.537312
kworker/4:1H-218,8388608,W,44309888,16,44219.537671
Thread-21-5543,8388608,W,44636752,8,44219.550666
kworker/u17:3-4922,8388608,W,44636752,8,44219.551491
kworker/4:1H-218,8388608,W,44309904,8,44219.551695
Thread-4-3029,8388608,W,21510096,8,44219.552311
queued-work-loo-5528,8388608,W,44636760,8,44219.657569
kworker/u17:3-4922,8388608,W,44636760,8,44219.658418
kworker/6:1H-422,8388608,W,44309912,8,44219.658564
queued-work-loo-5528,8388608,W,44636768,8,44219.659117
kworker/6:1H-422,8388608,W,44309920,8,44219.659211
queued-work-loo-5528,8388608,W,44636776,8,44219.660211
kworker/6:1H-422,8388608,W,44309928,8,44219.660361
queued-work-loo-5528,8388608,W,44636784,8,44219.661037
kworker/4:1H-218,8388608,W,44309936,8,44219.661178
kworker/6:1H-422,8388608,W,44309944,8,44219.664077
cacheClearQueue-5511,8388608,W,44636792,8,44219.664252
kworker/6:1H-422,8388608,W,44309952,8,44219.664332
kworker/4:1H-218,8388608,W,44309960,8,44219.667535
cacheClearQueue-5511,8388608,W,44636800,8,44219.667736
kworker/6:1H-422,8388608,W,44309968,8,44219.667821
kworker/6:1H-422,8388608,W,44309976,8,44219.669359
cacheClearQueue-5511,8388608,W,44636808,8,44219.66949
kworker/6:1H-422,8388608,W,44309984,8,44219.669565
kworker/2:1H-225,8388608,W,44309992,8,44219.675153
cacheClearQueue-5511,8388608,W,44636816,8,44219.675393
kworker/4:1H-218,8388608,W,44310000,8,44219.675513
kworker/6:1H-422,8388608,W,44310008,8,44219.677055
cacheClearQueue-5511,8388608,W,44636824,8,44219.677185
kworker/6:1H-422,8388608,W,44310016,8,44219.677259
kworker/6:1H-422,8388608,W,44310024,8,44219.67854
cacheClearQueue-5511,8388608,W,44636832,8,44219.678655
kworker/6:1H-422,8388608,W,44310032,8,44219.678726
kworker/5:1H-437,8388608,W,44310040,8,44219.684445
cacheClearQueue-5511,8388608,W,44636840,8,44219.684867
kworker/5:1H-437,8388608,W,44310048,8,44219.685016
kworker/5:1H-437,8388608,W,44310056,8,44219.711537
kworker/u17:3-4922,8388608,W,44310056,8,44219.712377
cacheClearQueue-5511,8388608,W,44636848,8,44219.712601
kworker/7:1H-91,8388608,W,44310064,8,44219.712682
queued-work-loo-5528,8388608,W,44636856,8,44219.837835
kworker/u17:3-4922,8388608,W,44636856,8,44219.838666
f2fs_ckpt-254:4-648,8388608,W,44636864,8,44219.839087
f2fs_ckpt-254:4-648,8388608,W,44636872,24,44219.83927
f2fs_ckpt-254:4-648,8388608,W,44636896,8,44219.839307
kworker/6:1H-422,8388608,W,26260360,120,44219.839495
kworker/6:1H-422,8388608,W,44310072,208,44219.839565
f2fs_ckpt-254:4-648,8388608,W,18333496,8,44219.839727
f2fs_ckpt-254:4-648,8388608,W,18333560,8,44219.839736
f2fs_ckpt-254:4-648,8388608,W,18334376,16,44219.839739
f2fs_ckpt-254:4-648,8388608,W,18345776,8,44219.839741
f2fs_ckpt-254:4-648,8388608,W,18346016,8,44219.839744
f2fs_ckpt-254:4-648,8388608,W,18358064,8,44219.839747
f2fs_ckpt-254:4-648,8388608,W,18358112,8,44219.83975
f2fs_ckpt-254:4-648,8388608,W,18366440,8,44219.839752
f2fs_ckpt-254:4-648,8388608,W,18370544,8,44219.839754
f2fs_ckpt-254:4-648,8388608,W,18991744,8,44219.839757
f2fs_ckpt-254:4-648,8388608,W,18329392,40,44219.839778
kworker/0:0H-5,8388608,W,18329432,8,44219.842395
android.io-1683,8388608,W,44636904,48,44219.933822
kworker/u17:3-4922,8388608,W,44636904,48,44219.934644
kworker/5:1H-437,8388608,W,44310280,8,44219.934806
Thread-16-5529,8388608,W,44636952,8,44220.40074
Thread-21-5543,8388608,W,44636968,8,44220.400746
Thread-18-5535,8388608,W,44636976,8,44220.400763
kworker/u17:3-4922,8388608,W,44636952,8,44220.401559
kworker/u17:3-4922,8388608,W,44636960,8,44220.401579
kworker/u17:3-4922,8388608,W,44636968,8,44220.401584
kworker/u17:3-4922,8388608,W,44636976,8,44220.401587
kworker/7:1H-91,8388608,W,44310288,8,44220.403923
kworker/7:1H-91,8388608,W,44310296,8,44220.403984
kworker/6:1H-422,8388608,W,44310304,8,44220.404093
kworker/6:1H-422,8388608,W,44310312,8,44220.404111
Thread-14-5518,8388608,W,44636984,8,44220.410097
kworker/7:1H-91,8388608,W,44666672,8,44220.410191
statsSaveQueue-5541,8388608,W,44636992,8,44220.410454
kworker/7:1H-91,8388608,W,44666680,8,44220.410608
Thread-21-5543,8388608,W,44637000,8,44220.442928
kworker/u17:3-4922,8388608,W,44637000,8,44220.443754
kworker/6:1H-422,8388608,W,44666688,8,44220.443883
Thread-18-5535,8388608,W,44637008,8,44220.519877
kworker/u17:3-4922,8388608,W,44637008,8,44220.520696
kworker/u17:3-4922,8388608,W,44637016,8,44220.520722
kworker/7:1H-91,8388608,W,44666696,8,44220.520879
kworker/7:1H-91,8388608,W,44666704,8,44220.520956
statsSaveQueue-5541,8388608,W,44637024,8,44220.525184
kworker/5:1H-437,8388608,W,44666712,8,44220.525298
Thread-16-5529,8388608,W,44637032,8,44220.548435
kworker/u17:3-4922,8388608,W,44637032,8,44220.549404
kworker/u17:3-4922,8388608,W,44637040,8,44220.549463
kworker/7:1H-91,8388608,W,44666720,8,44220.549549
kworker/4:1H-218,8388608,W,44666728,8,44220.549718
Thread-21-5543,8388608,W,44637048,8,44221.498443
Thread-14-5518,8388608,W,44637056,8,44221.498473
kworker/u17:3-4922,8388608,W,44637048,8,44221.499321
kworker/u17:3-4922,8388608,W,44637056,8,44221.499356
kworker/6:1H-422,8388608,W,44666736,8,44221.499488
kworker/6:1H-422,8388608,W,44666744,8,44221.499516
Thread-21-5543,8388608,W,44637064,8,44221.499885
kworker/6:1H-422,8388608,W,44666752,8,44221.499966
Thread-14-5518,8388608,W,44637072,8,44221.500131
Thread-21-5543,8388608,W,44637080,8,44221.500256
Thread-21-5543,8388608,W,44666760,8,44221.500277
kworker/6:1H-422,8388608,W,44666768,8,44221.500349
Thread-14-5518,8388608,W,44637088,8,44221.500775
kworker/6:1H-422,8388608,W,44666776,8,44221.500936
Thread-18-5535,8388608,W,44637096,8,44221.726986
kworker/u17:3-4922,8388608,W,44637096,8,44221.727864
kworker/u17:3-4922,8388608,W,44637104,8,44221.727893
kworker/u17:3-4922,8388608,W,44637112,8,44221.727901
kworker/6:1H-422,8388608,W,44666784,16,44221.730144
kworker/6:1H-422,8388608,W,44666800,8,44221.730164
Thread-16-5529,8388608,W,44637120,8,44221.731195
kworker/4:1H-218,8388608,W,44666808,8,44221.731387
Thread-16-5529,8388608,W,44637128,8,44221.731779
kworker/6:1H-422,8388608,W,44666816,8,44221.731883
Thread-21-5543,8388608,W,44637136,8,44221.737965
Thread-18-5535,8388608,W,44666824,8,44221.738197
kworker/0:0H-5,8388608,W,44637144,8,44221.738201
kworker/0:0H-5,8388608,W,44666832,8,44221.738382
Thread-18-5535,8388608,W,44637152,8,44221.7387
kworker/6:1H-422,8388608,W,44666840,8,44221.738803
Thread-21-5543,8388608,W,44637160,8,44221.738962
kworker/6:1H-422,8388608,W,44666848,8,44221.739108
Thread-14-5518,8388608,W,44637168,8,44221.73923
kworker/2:1H-225,8388608,W,44666856,8,44221.73949
Thread-14-5518,8388608,W,44637176,8,44221.739935
kworker/4:1H-218,8388608,W,44666864,8,44221.740049
Thread-21-5543,8388608,W,44637184,8,44221.74117
kworker/6:1H-422,8388608,W,44666872,8,44221.741311
egram.messenger-5451,8388608,W,44637192,8,44221.747645
kworker/u17:3-4922,8388608,W,44637192,8,44221.748445
kworker/6:1H-422,8388608,W,44666880,8,44221.748633
egram.messenger-5451,8388608,W,44637200,8,44221.74968
kworker/6:1H-422,8388608,W,44666888,8,44221.749764
egram.messenger-5451,8388608,W,44637208,8,44221.764474
kworker/u17:3-4922,8388608,W,44637208,8,44221.765305
kworker/7:1H-91,8388608,W,44666896,8,44221.765469
queued-work-loo-5528,8388608,W,44637216,8,44221.768483
kworker/7:1H-91,8388608,W,44666904,8,44221.768612
LazyTaskWriterT-2866,8388608,W,44637224,8,44221.79805
kworker/4:1H-218,8388608,W,44666912,8,44221.798227
Thread-18-5535,8388608,W,44637232,8,44221.829167
kworker/u17:3-4922,8388608,W,44637232,8,44221.830145
kworker/u17:3-4922,8388608,W,44637240,8,44221.8302
kworker/4:1H-218,8388608,W,44666920,16,44221.830337
Thread-16-5529,8388608,W,44637248,8,44221.83916
kworker/u17:3-4922,8388608,W,44637248,8,44221.839982
kworker/5:1H-437,8388608,W,44666936,8,44221.84023
Thread-16-5529,8388608,W,44637256,8,44221.841337
kworker/7:1H-91,8388608,W,44666944,8,44221.841436
egram.messenger-5451,8388608,W,44637264,8,44221.847032
kworker/6:1H-422,8388608,W,44666952,8,44221.84717
Thread-18-5535,8388608,W,44637272,8,44221.887887
kworker/u17:3-4922,8388608,W,44637272,8,44221.888708
kworker/7:1H-91,8388608,W,44666960,8,44221.888836
Thread-18-5535,8388608,W,44637280,8,44221.889553
kworker/6:1H-422,8388608,W,44666968,8,44221.889654
egram.messenger-5451,8388608,W,44637288,8,44221.896825
kworker/u17:3-4922,8388608,W,44637288,8,44221.897661
kworker/6:1H-422,8388608,W,44666976,8,44221.897852
queued-work-loo-5528,8388608,W,44637296,8,44222.013236
kworker/u17:3-4922,8388608,W,44637296,8,44222.014036
kworker/7:1H-91,8388608,W,44666984,8,44222.014218
statsSaveQueue-5541,8388608,W,44637016,8,44222.536337
kworker/u17:3-4922,8388608,W,44637016,8,44222.537436
kworker/4:1H-218,8388608,W,44666992,8,44222.539728
egram.messenger-5451,8388608,W,44637304,8,44223.027931
kworker/u17:3-4922,8388608,W,44637304,8,44223.028874
kworker/7:1H-91,8388608,W,44667000,8,44223.031085
HeapTaskDaemon-5460,8388608,W,93904648,1024,44224.046519
HeapTaskDaemon-5460,8388608,W,93905672,608,44224.046565
f2fs_ckpt-254:4-648,8388608,W,44637312,16,44224.049444
f2fs_ckpt-254:4-648,8388608,W,44637328,16,44224.049558
f2fs_ckpt-254:4-648,8388608,W,44637344,8,44224.04966
f2fs_ckpt-254:4-648,8388608,W,44637352,8,44224.049737
kworker/3:1H-227,8388608,W,26260480,88,44224.050124
kworker/3:1H-227,8388608,W,44667008,120,44224.050203
f2fs_ckpt-254:4-648,8388608,W,18333504,8,44224.050787
f2fs_ckpt-254:4-648,8388608,W,18333728,8,44224.050822
f2fs_ckpt-254:4-648,8388608,W,18336136,8,44224.050837
f2fs_ckpt-254:4-648,8388608,W,18345784,8,44224.050846
f2fs_ckpt-254:4-648,8388608,W,18345840,16,44224.050856
f2fs_ckpt-254:4-648,8388608,W,18346656,24,44224.050869
f2fs_ckpt-254:4-648,8388608,W,18346784,8,44224.050879
f2fs_ckpt-254:4-648,8388608,W,18358120,8,44224.050889
f2fs_ckpt-254:4-648,8388608,W,18362160,8,44224.050899
f2fs_ckpt-254:4-648,8388608,W,18366448,8,44224.050909
f2fs_ckpt-254:4-648,8388608,W,18370536,8,44224.050919
f2fs_ckpt-254:4-648,8388608,W,18370552,8,44224.050928
f2fs_ckpt-254:4-648,8388608,W,18873888,8,44224.050937
f2fs_ckpt-254:4-648,8388608,W,18970752,8,44224.050946
f2fs_ckpt-254:4-648,8388608,W,18991744,8,44224.050955
f2fs_ckpt-254:4-648,8388608,W,18325296,32,44224.051039
kworker/0:0H-5,8388608,W,18325328,8,44224.055599
HeapTaskDaemon-5460,8388608,W,93904648,8,44224.056345
jbd2/sda1-8-503,8388608,W,11064,48,44226.783885
kworker/u17:3-4922,8388608,W,11064,48,44226.785338
kworker/4:1H-218,8388608,W,11112,8,44226.78822
queued-work-loo-5528,8388608,W,44637360,8,44227.719065
kworker/u17:3-4922,8388608,W,44637360,8,44227.720171
kworker/3:1H-227,8388608,W,44667128,8,44227.722563
PackageManagerB-1732,8388608,W,44637368,40,44228.856228
kworker/u17:3-4922,8388608,W,44637368,40,44228.857135
kworker/0:0H-5,8388608,W,44667136,8,44228.859586
PackageManagerB-1732,8388608,W,44637408,40,44228.861114
kworker/4:1H-218,8388608,W,44667144,8,44228.861354
PackageManagerB-1732,8388608,W,44637448,16,44228.863583
PackageManagerB-1732,8388608,W,44637464,16,44228.86394
Thread-14-5518,8388608,W,44637480,8,44232.403211
kworker/u17:0-5289,8388608,W,44637480,8,44232.404171
kworker/4:1H-218,8388608,W,44667152,8,44232.406601
statsSaveQueue-5541,8388608,W,44636992,8,44232.408159
kworker/5:1H-437,8388608,W,44667160,8,44232.408318
Thread-14-5518,8388608,W,44637488,8,44232.495748
kworker/u17:0-5289,8388608,W,44637488,8,44232.496727
kworker/7:1H-91,8388608,W,44667168,8,44232.49703
Thread-14-5518,8388608,W,44637496,8,44232.542738
kworker/u17:0-5289,8388608,W,44637496,8,44232.543774
kworker/7:1H-91,8388608,W,44667176,8,44232.544111
Thread-14-5518,8388608,W,44637504,8,44232.732564
kworker/u17:0-5289,8388608,W,44637504,8,44232.733518
kworker/4:1H-218,8388608,W,44667184,8,44232.738258
kworker/u16:1-5374,8388608,W,93821640,1024,44233.725255
kworker/u17:3-4922,8388608,W,93821640,1024,44233.726158
kworker/u17:3-4922,8388608,W,43583952,1024,44233.726302
kworker/u17:3-4922,8388608,W,43584976,352,44233.72635
kworker/u17:3-4922,8388608,W,44748592,1024,44233.726381
kworker/u17:3-4922,8388608,W,44749616,1024,44233.726421
kworker/u16:1-5374,8388608,W,44750640,32,44233.726475
kworker/u16:1-5374,8388608,W,44750672,1024,44233.726491
kworker/u16:1-5374,8388608,W,44751696,1024,44233.726516
kworker/u16:1-5374,8388608,W,44752720,1024,44233.726537
kworker/u16:1-5374,8388608,W,44753744,640,44233.727588
kworker/u16:1-5374,8388608,W,44754384,1024,44233.727617
kworker/u16:1-5374,8388608,W,44755408,1024,44233.727639
kworker/u16:1-5374,8388608,W,44756432,1024,44233.727659
kworker/u16:1-5374,8388608,W,44757456,1024,44233.727711
kworker/u16:1-5374,8388608,W,44758480,632,44233.7282
kworker/u16:1-5374,8388608,W,44759112,1024,44233.728234
kworker/u16:1-5374,8388608,W,44760136,744,44233.733256
kworker/u16:1-5374,8388608,W,44769072,1024,44233.733714
kworker/u16:1-5374,8388608,W,44770096,1024,44233.733847
kworker/u16:1-5374,8388608,W,44771120,1024,44233.733902
kworker/u16:1-5374,8388608,W,44772144,1024,44233.738212
kworker/u16:1-5374,8388608,W,44801840,1024,44233.738546
kworker/u16:1-5374,8388608,W,44802864,1024,44233.738679
kworker/u16:1-5374,8388608,W,44803888,1024,44233.738733
kworker/u16:1-5374,8388608,W,44804912,1024,44233.744733
kworker/u16:1-5374,8388608,W,44863280,1024,44233.744973
kworker/u16:1-5374,8388608,W,44864304,1024,44233.745012
kworker/u16:1-5374,8388608,W,44865328,1024,44233.745035
kworker/u16:1-5374,8388608,W,44866352,1024,44233.745974
kworker/u16:1-5374,8388608,W,44904240,1024,44233.746003
kworker/u16:1-5374,8388608,W,44905264,1024,44233.746024
kworker/u16:1-5374,8388608,W,44906288,1024,44233.74605
kworker/u16:1-5374,8388608,W,44907312,1024,44233.747291
kworker/u16:1-5374,8388608,W,45047600,1024,44233.747324
kworker/u16:1-5374,8388608,W,45048624,1024,44233.747362
kworker/u16:1-5374,8388608,W,45049648,1024,44233.747381
kworker/u16:1-5374,8388608,W,45050672,1024,44233.747401
kworker/u16:1-5374,8388608,W,45051696,800,44233.748109
kworker/u16:1-5374,8388608,W,45052496,1024,44233.748139
kworker/u16:1-5374,8388608,W,45053520,1024,44233.748159
kworker/u16:1-5374,8388608,W,45054544,1024,44233.748184
kworker/4:1H-218,8388608,W,45055568,224,44233.748788
kworker/u16:1-5374,8388608,W,45145904,1024,44233.748897
kworker/4:1H-218,8388608,W,44637512,8,44233.750711
kworker/4:1H-218,8388608,W,45146928,1024,44233.752675
kworker/4:1H-218,8388608,W,45147952,1024,44233.75472
kworker/4:1H-218,8388608,W,45148976,8,44233.755968
kworker/6:1H-422,8388608,W,44667192,8,44233.817425
Thread-14-5518,8388608,W,44637520,8,44234.111784
kworker/u17:3-4922,8388608,W,44637520,8,44234.112773
kworker/4:1H-218,8388608,W,44667200,8,44234.115092
statsSaveQueue-5541,8388608,W,44636992,8,44234.605022
kworker/u17:3-4922,8388608,W,44636992,8,44234.605981
kworker/7:1H-91,8388608,W,44667208,8,44234.60872
Thread-14-5518,8388608,W,44637528,8,44234.815193
kworker/u17:3-4922,8388608,W,44637528,8,44234.816273
kworker/7:1H-91,8388608,W,44667216,8,44234.818683
Thread-14-5518,8388608,W,44637536,8,44234.820894
kworker/4:1H-218,8388608,W,44667224,8,44234.821319
Thread-14-5518,8388608,W,44637544,8,44235.015569
kworker/u17:3-4922,8388608,W,44637544,8,44235.016716
kworker/6:1H-422,8388608,W,44667232,8,44235.018772
Thread-14-5518,8388608,W,44637552,8,44235.0269
kworker/u17:3-4922,8388608,W,44637552,8,44235.02785
kworker/3:1H-227,8388608,W,44667240,8,44235.028251
Thread-14-5518,8388608,W,44637560,8,44235.23626
kworker/u17:3-4922,8388608,W,44637560,8,44235.237209
kworker/4:1H-218,8388608,W,44667248,8,44235.239633
Thread-14-5518,8388608,W,44637568,8,44235.241982
kworker/4:1H-218,8388608,W,44667256,8,44235.242417
statsSaveQueue-5541,8388608,W,44636992,8,44238.28265
kworker/u17:3-4922,8388608,W,44636992,8,44238.284101
kworker/6:1H-422,8388608,W,44667264,8,44238.286281
kworker/u16:6-5520,8388608,W,44637576,424,44238.848969
kworker/u17:3-4922,8388608,W,44637576,424,44238.850982
kworker/u17:3-4922,8388608,W,45150000,256,44238.85106
kworker/u17:3-4922,8388608,W,45150256,64,44238.851074
kworker/u16:6-5520,8388608,W,45150320,128,44243.963822
kworker/u17:3-4922,8388608,W,45150320,128,44243.965814
kworker/1:1H-228,8388608,W,45150448,8,44253.08772
kworker/u17:3-4922,8388608,W,45150448,8,44253.088671
kworker/u17:3-4922,8388608,W,45150456,16,44253.08876
kworker/0:0H-5,8388608,W,44667272,8,44253.090122
kworker/u16:2-5378,8388608,W,45150472,64,44254.205733
kworker/u16:2-5378,8388608,W,45150536,64,44254.205803
kworker/u16:2-5378,8388608,W,45150600,16,44254.20582
kworker/u16:2-5378,8388608,W,45150616,64,44254.205835
kworker/u16:2-5378,8388608,W,45150680,64,44254.205848
kworker/u16:2-5378,8388608,W,45150744,8,44254.20586
kworker/u16:2-5378,8388608,W,45150752,8,44254.205871
kworker/u16:2-5378,8388608,W,45150760,8,44254.205882
kworker/u16:2-5378,8388608,W,45150768,8,44254.205893
kworker/u16:2-5378,8388608,W,45150776,8,44254.205904
kworker/u16:2-5378,8388608,W,45150784,8,44254.205914
kworker/u16:2-5378,8388608,W,45150792,8,44254.205925
kworker/u16:2-5378,8388608,W,45150800,8,44254.205936
kworker/u16:2-5378,8388608,W,45150808,8,44254.205947
kworker/u16:2-5378,8388608,W,45150816,8,44254.205958
kworker/u16:2-5378,8388608,W,45150824,8,44254.205969
kworker/u16:2-5378,8388608,W,45150832,8,44254.205981
kworker/u16:2-5378,8388608,W,45150840,8,44254.205991
kworker/u16:2-5378,8388608,W,45150848,8,44254.206002
kworker/u16:2-5378,8388608,W,45150856,8,44254.206012
kworker/u16:2-5378,8388608,W,45150864,8,44254.206023
kworker/u16:2-5378,8388608,W,45150872,8,44254.206034
kworker/u16:2-5378,8388608,W,45150880,8,44254.206046
kworker/u16:2-5378,8388608,W,93906280,1024,44254.206063
kworker/u16:2-5378,8388608,W,93907304,144,44254.206127
TaskSnapshotPer-1927,8388608,W,45150888,8,44255.287035
kworker/u17:1-5383,8388608,W,45150888,8,44255.287893
f2fs_ckpt-254:4-648,8388608,W,45150896,24,44255.290515
f2fs_ckpt-254:4-648,8388608,W,45150920,24,44255.290991
f2fs_ckpt-254:4-648,8388608,W,45150944,8,44255.291077
f2fs_ckpt-254:4-648,8388608,W,45150952,16,44255.291135
kworker/3:1H-227,8388608,W,26260568,248,44255.292217
kworker/3:1H-227,8388608,W,44667280,624,44255.292494
f2fs_ckpt-254:4-648,8388608,W,18333488,16,44255.293582
f2fs_ckpt-254:4-648,8388608,W,18333512,8,44255.293619
f2fs_ckpt-254:4-648,8388608,W,18333536,8,44255.293629
f2fs_ckpt-254:4-648,8388608,W,18333560,8,44255.293639
f2fs_ckpt-254:4-648,8388608,W,18333736,8,44255.293651
f2fs_ckpt-254:4-648,8388608,W,18334344,8,44255.29366
f2fs_ckpt-254:4-648,8388608,W,18334368,32,44255.29367
f2fs_ckpt-254:4-648,8388608,W,18334496,8,44255.293683
f2fs_ckpt-254:4-648,8388608,W,18345792,8,44255.293692
f2fs_ckpt-254:4-648,8388608,W,18345816,8,44255.293701
f2fs_ckpt-254:4-648,8388608,W,18345936,8,44255.29371
f2fs_ckpt-254:4-648,8388608,W,18346016,8,44255.293718
f2fs_ckpt-254:4-648,8388608,W,18346688,8,44255.293727
f2fs_ckpt-254:4-648,8388608,W,18347040,8,44255.293736
f2fs_ckpt-254:4-648,8388608,W,18348424,8,44255.293746
f2fs_ckpt-254:4-648,8388608,W,18349976,8,44255.293754
f2fs_ckpt-254:4-648,8388608,W,18358064,8,44255.293763
f2fs_ckpt-254:4-648,8388608,W,18361888,16,44255.293771
f2fs_ckpt-254:4-648,8388608,W,18362024,8,44255.293781
f2fs_ckpt-254:4-648,8388608,W,18362064,16,44255.29379
f2fs_ckpt-254:4-648,8388608,W,18362200,32,44255.293799
f2fs_ckpt-254:4-648,8388608,W,18362240,8,44255.293808
f2fs_ckpt-254:4-648,8388608,W,18362496,8,44255.293819
f2fs_ckpt-254:4-648,8388608,W,18362640,8,44255.293827
f2fs_ckpt-254:4-648,8388608,W,18365960,8,44255.293836
f2fs_ckpt-254:4-648,8388608,W,18366184,8,44255.293844
f2fs_ckpt-254:4-648,8388608,W,18366280,8,44255.293853
f2fs_ckpt-254:4-648,8388608,W,18366440,8,44255.293862
f2fs_ckpt-254:4-648,8388608,W,18366456,8,44255.29387
f2fs_ckpt-254:4-648,8388608,W,18370544,8,44255.29388
f2fs_ckpt-254:4-648,8388608,W,18872472,8,44255.293888
f2fs_ckpt-254:4-648,8388608,W,18874528,8,44255.293897
f2fs_ckpt-254:4-648,8388608,W,18874752,24,44255.294137
f2fs_ckpt-254:4-648,8388608,W,18874792,8,44255.29418
f2fs_ckpt-254:4-648,8388608,W,18874856,8,44255.29419
f2fs_ckpt-254:4-648,8388608,W,18874976,8,44255.294199
f2fs_ckpt-254:4-648,8388608,W,18875056,8,44255.294208
f2fs_ckpt-254:4-648,8388608,W,18875336,16,44255.294217
f2fs_ckpt-254:4-648,8388608,W,18970712,8,44255.294228
f2fs_ckpt-254:4-648,8388608,W,18991744,8,44255.294236
f2fs_ckpt-254:4-648,8388608,W,18329392,32,44255.294436
kworker/0:0H-5,8388608,W,18329424,8,44255.29751
kworker/u16:1-5374,8388608,W,53328,8,44256.252883
kworker/u17:1-5383,8388608,W,53328,8,44256.255617
kworker/6:1H-422,8388608,W,44667904,8,44258.227816
kworker/u17:1-5383,8388608,W,44667904,8,44258.228647
pool-14-thread--5709,8388608,W,45150968,8,44258.229027
kworker/6:1H-422,8388608,W,44667912,8,44258.229103
kworker/7:1H-91,8388608,W,44667920,8,44258.244375
kworker/u17:1-5383,8388608,W,44667920,8,44258.24518
pool-14-thread--5709,8388608,W,45150976,8,44258.245373
kworker/7:1H-91,8388608,W,44667928,8,44258.245447
kworker/7:1H-91,8388608,W,44667936,8,44258.246935
pool-14-thread--5709,8388608,W,45150984,8,44258.247064
kworker/7:1H-91,8388608,W,44667944,8,44258.247136
kworker/5:1H-437,8388608,W,44667952,8,44258.249337
pool-14-thread--5709,8388608,W,45150992,8,44258.249461
kworker/7:1H-91,8388608,W,44667960,8,44258.24953
kworker/7:1H-91,8388608,W,44667968,8,44258.250925
pool-14-thread--5709,8388608,W,45151000,8,44258.251041
kworker/7:1H-91,8388608,W,44667976,8,44258.251113
kworker/7:1H-91,8388608,W,44667984,8,44258.252535
pool-14-thread--5709,8388608,W,45151008,8,44258.252664
kworker/7:1H-91,8388608,W,44667992,8,44258.252748
kworker/7:1H-91,8388608,W,44668000,8,44258.255133
pool-14-thread--5709,8388608,W,45151016,8,44258.255608
kworker/4:1H-218,8388608,W,44668008,8,44258.255721
Thread-4-3029,8388608,W,147814880,16,44258.281582
Thread-4-3029,8388608,W,20057856,64,44258.2816
Thread-4-3029,8388608,W,20452488,40,44258.281607
Thread-4-3029,8388608,W,20780744,8,44258.281612
Thread-4-3029,8388608,W,21432776,16,44258.281615
Thread-4-3029,8388608,W,45150248,8,44258.28162
Thread-4-3029,8388608,W,76989464,16,44258.281625
Thread-4-3029,8388608,W,104654960,48,44258.281629
Thread-4-3029,8388608,W,143225824,32,44258.281633
Thread-4-3029,8388608,W,147814744,8,44258.281946
Thread-4-3029,8388608,W,147814760,8,44258.281963
Thread-4-3029,8388608,W,147815000,8,44258.281968
Thread-4-3029,8388608,W,147815224,8,44258.281973
Thread-4-3029,8388608,W,147815312,8,44258.281978
Thread-4-3029,8388608,W,154402968,8,44258.281981
Thread-4-3029,8388608,W,154403016,8,44258.281984
Thread-4-3029,8388608,W,20608416,8,44258.281989
Thread-4-3029,8388608,W,20735832,8,44258.281994
Thread-4-3029,8388608,W,29674040,8,44258.281999
Thread-4-3029,8388608,W,33258992,8,44258.282002
Thread-4-3029,8388608,W,33259080,8,44258.282015
Thread-4-3029,8388608,W,33422264,8,44258.28202
Thread-4-3029,8388608,W,33518208,8,44258.282023
Thread-4-3029,8388608,W,34346912,8,44258.282026
Thread-4-3029,8388608,W,44636744,8,44258.28203
Thread-4-3029,8388608,W,76989488,8,44258.282035
Thread-4-3029,8388608,W,142365952,8,44258.282038
kworker/4:1H-218,8388608,W,44668016,8,44258.282228
Thread-4-3029,8388608,W,44637576,8,44258.282835
LazyTaskWriterT-2866,8388608,W,45151024,8,44258.283212
kworker/3:1H-227,8388608,W,44668024,8,44258.283441
kworker/6:1H-422,8388608,W,44668032,8,44258.285202
pool-14-thread--5709,8388608,W,45151032,8,44258.285353
kworker/6:1H-422,8388608,W,44668040,8,44258.285446
Thread-15-5716,8388608,W,45151040,8,44258.513617
kworker/u17:1-5383,8388608,W,45151040,8,44258.514434
kworker/7:1H-91,8388608,W,44668048,8,44258.516675
Thread-15-5716,8388608,W,45151048,8,44258.517039
kworker/3:1H-227,8388608,W,44668056,8,44258.517192
Thread-17-5723,8388608,W,45151056,8,44258.527117
kworker/u17:1-5383,8388608,W,45151056,8,44258.527921
kworker/3:1H-227,8388608,W,44668064,8,44258.528168
Thread-17-5723,8388608,W,45151064,8,44258.528908
kworker/5:1H-437,8388608,W,44668072,8,44258.52908
Thread-19-5730,8388608,W,45151072,8,44258.532391
kworker/5:1H-437,8388608,W,44668080,8,44258.53256
Thread-19-5730,8388608,W,45151080,8,44258.532889
kworker/3:1H-227,8388608,W,44668088,8,44258.533059
queued-work-loo-5724,8388608,W,45151088,8,44258.568707
kworker/u17:1-5383,8388608,W,45151088,8,44258.569551
kworker/5:1H-437,8388608,W,44668096,8,44258.569731
Thread-21-5736,8388608,W,45151096,8,44258.572252
kworker/6:1H-422,8388608,W,44668104,8,44258.572376
Thread-21-5736,8388608,W,45151104,8,44258.572641
kworker/6:1H-422,8388608,W,44668112,8,44258.572725
Thread-15-5716,8388608,W,45151112,8,44258.603549
kworker/u17:1-5383,8388608,W,45151112,8,44258.604367
kworker/4:1H-218,8388608,W,44668120,8,44258.604527
LazyTaskWriterT-2866,8388608,W,45151120,8,44258.787187
kworker/u17:1-5383,8388608,W,45151120,8,44258.788001
kworker/5:1H-437,8388608,W,44668128,8,44258.790244
Thread-21-5736,8388608,W,45151136,8,44259.391993
Thread-15-5716,8388608,W,45151128,8,44259.391997
kworker/u17:1-5383,8388608,W,45151128,8,44259.392771
kworker/u17:1-5383,8388608,W,45151136,8,44259.392789
kworker/u17:1-5383,8388608,W,45151144,8,44259.392796
kworker/u17:1-5383,8388608,W,45151152,8,44259.392803
kworker/7:1H-91,8388608,W,44668136,8,44259.395013
kworker/7:1H-91,8388608,W,44668144,16,44259.39503
kworker/4:1H-218,8388608,W,44668160,8,44259.395093
Thread-15-5716,8388608,W,45151168,8,44259.591185
Thread-19-5730,8388608,W,45151160,8,44259.591192
Thread-21-5736,8388608,W,45151176,8,44259.591196
kworker/u17:1-5383,8388608,W,45151176,8,44259.59222
kworker/u17:1-5383,8388608,W,45151160,8,44259.592244
kworker/u17:1-5383,8388608,W,45151168,8,44259.592251
kworker/u17:1-5383,8388608,W,44637016,8,44259.592258
kworker/u17:1-5383,8388608,W,45151184,8,44259.592264
kworker/6:1H-422,8388608,W,44668168,24,44259.594498
kworker/6:1H-422,8388608,W,44668192,16,44259.59452
statsSaveQueue-5741,8388608,W,44636992,8,44259.595006
kworker/6:1H-422,8388608,W,44668208,8,44259.595119
Thread-15-5716,8388608,W,45151192,8,44259.595467
Thread-21-5736,8388608,W,45151200,8,44259.595478
kworker/4:1H-218,8388608,W,44668216,8,44259.595591
kworker/5:1H-437,8388608,W,44668224,8,44259.595629
statsSaveQueue-5741,8388608,W,44637024,8,44259.596051
Thread-19-5730,8388608,W,45151208,8,44259.596082
kworker/6:1H-422,8388608,W,44668232,8,44259.596159
kworker/7:1H-91,8388608,W,44668240,8,44259.596205
statsSaveQueue-5741,8388608,W,44637040,8,44259.596649
kworker/6:1H-422,8388608,W,44668248,8,44259.596752
Thread-17-5723,8388608,W,45151216,8,44259.59691
kworker/5:1H-437,8388608,W,44668256,8,44259.597114
kworker/u16:2-5378,8388608,W,56,16,44261.371487
kworker/u17:1-5383,8388608,W,56,16,44261.37233
kworker/u17:1-5383,8388608,W,80,8,44261.372374
kworker/u17:1-5383,8388608,W,48,8,44261.372441
kworker/u16:7-5621,8388608,W,45148984,1016,44264.450644
kworker/u17:1-5383,8388608,W,45148984,1016,44264.452058
kworker/u17:1-5383,8388608,W,45186864,1024,44264.452321
kworker/u17:1-5383,8388608,W,45187888,1024,44264.452508
kworker/u17:1-5383,8388608,W,45188912,1024,44264.452687
kworker/u16:7-5621,8388608,W,45189936,1024,44264.457054
kworker/u16:7-5621,8388608,W,45207344,1024,44264.457479
kworker/u16:7-5621,8388608,W,45208368,1024,44264.457647
kworker/u16:7-5621,8388608,W,45209392,1024,44264.457726
kworker/u16:7-5621,8388608,W,45210416,1024,44264.462534
kworker/u16:7-5621,8388608,W,45317936,1024,44264.462656
kworker/u16:7-5621,8388608,W,45318960,1024,44264.462725
kworker/u16:7-5621,8388608,W,45319984,840,44264.46454
kworker/u16:7-5621,8388608,W,45320824,1024,44264.465282
kworker/u16:7-5621,8388608,W,45321848,184,44264.470747
kworker/u16:7-5621,8388608,W,45367088,1024,44264.47084
kworker/u16:7-5621,8388608,W,45368112,1024,44264.471117
kworker/u16:7-5621,8388608,W,45369136,1024,44264.47143
kworker/u16:7-5621,8388608,W,45370160,1024,44264.476361
kworker/u16:7-5621,8388608,W,45444912,1024,44264.476474
kworker/u16:7-5621,8388608,W,45445936,1024,44264.47655
kworker/u16:7-5621,8388608,W,45446960,1024,44264.476612
kworker/u16:7-5621,8388608,W,45447984,1024,44264.483417
kworker/u16:7-5621,8388608,W,45469488,1024,44264.484013
kworker/u16:7-5621,8388608,W,45470512,1024,44264.484439
kworker/u16:7-5621,8388608,W,45471536,1024,44264.48482
kworker/u16:7-5621,8388608,W,45472560,1024,44264.492397
kworker/u16:7-5621,8388608,W,45530928,1024,44264.492507
kworker/u16:7-5621,8388608,W,45531952,1024,44264.492559
kworker/u16:7-5621,8388608,W,45532976,1024,44264.492606
kworker/u16:7-5621,8388608,W,45534000,1024,44264.496228
kworker/u16:7-5621,8388608,W,45539120,1024,44264.496352
kworker/u16:7-5621,8388608,W,45540144,1024,44264.496405
kworker/u16:7-5621,8388608,W,45541168,1024,44264.49645
kworker/u16:7-5621,8388608,W,45542192,1024,44264.496689
kworker/u16:7-5621,8388608,W,45151224,24,44264.496876
kworker/u16:7-5621,8388608,W,45575984,232,44264.496932
kworker/3:1H-227,8388608,W,45151248,8,44264.860083
kworker/3:1H-227,8388608,W,45151256,8,44264.860285
kworker/0:0H-5,8388608,W,44668264,8,44264.86772
kworker/u16:7-5621,8388608,W,93907448,208,44269.564756
kworker/u17:1-5383,8388608,W,93907448,208,44269.566153
kworker/u17:1-5383,8388608,W,93907656,448,44269.566459
statsSaveQueue-5741,8388608,W,44636992,8,44275.405659
kworker/u17:1-5383,8388608,W,44636992,8,44275.406557
kworker/5:1H-437,8388608,W,44668272,8,44275.408995
queued-work-loo-5724,8388608,W,45151264,8,44275.959266
kworker/u17:1-5383,8388608,W,45151264,8,44275.960246
kworker/6:1H-422,8388608,W,44668280,8,44275.962768
statsSaveQueue-5741,8388608,W,44636992,8,44277.86257
kworker/u17:1-5383,8388608,W,44636992,8,44277.863501
kworker/6:1H-422,8388608,W,44668288,8,44277.865982
kworker/u16:2-5378,8388608,W,93880112,688,44279.808293
kworker/u17:2-5642,8388608,W,93880112,688,44279.80943
kworker/u17:2-5642,8388608,W,93908104,184,44279.809605
kworker/u16:2-5378,8388608,W,45151272,8,44284.923761
kworker/u17:2-5642,8388608,W,45151272,8,44284.924669
kworker/u17:2-5642,8388608,W,45151280,8,44284.924739
kworker/u17:2-5642,8388608,W,45151288,24,44284.924829
kworker/u17:2-5642,8388608,W,45151312,8,44284.924847
kworker/u17:2-5642,8388608,W,45151320,8,44284.924862
kworker/u17:2-5642,8388608,W,45151328,8,44284.924886
kworker/u17:2-5642,8388608,W,45151336,120,44284.924904
Thread-15-5716,8388608,W,45151456,8,44286.54556
kworker/u17:2-5642,8388608,W,45151456,8,44286.546757
kworker/0:0H-5,8388608,W,44668296,8,44286.549284
statsSaveQueue-5741,8388608,W,44636992,8,44286.553312
kworker/4:1H-218,8388608,W,44668304,8,44286.553598
Thread-15-5716,8388608,W,45151464,8,44286.746469
kworker/u17:2-5642,8388608,W,45151464,8,44286.74744
kworker/1:1H-228,8388608,W,44668312,8,44286.749867
kworker/u16:2-5378,8388608,W,45151472,8,44290.048233
kworker/u17:2-5642,8388608,W,45151472,8,44290.049183
kworker/u17:2-5642,8388608,W,45151480,64,44290.049282
kworker/u17:2-5642,8388608,W,45151544,64,44290.049302
kworker/u17:2-5642,8388608,W,45151608,280,44290.049326
kworker/u17:2-5642,8388608,W,45576216,232,44290.049351
kworker/u17:2-5642,8388608,W,45576448,96,44290.049373
kworker/u17:2-5642,8388608,W,45151888,8,44290.049397
kworker/u17:2-5642,8388608,W,45151896,64,44290.049415
kworker/u17:2-5642,8388608,W,45151960,64,44290.049441
kworker/u17:2-5642,8388608,W,45152024,64,44290.049464
kworker/u16:2-5378,8388608,W,45152088,56,44295.163827
kworker/u17:2-5642,8388608,W,45152088,56,44295.164929
statsSaveQueue-5741,8388608,W,44636992,8,44297.778869
kworker/u17:2-5642,8388608,W,44636992,8,44297.780192
kworker/4:1H-218,8388608,W,44668320,8,44297.782834
PowerStatsServi-2768,8388608,W,45152144,64,44299.92348
kworker/u17:2-5642,8388608,W,45152144,64,44299.925607
kworker/5:1H-437,8388608,W,44668328,8,44299.92863
PowerStatsServi-2768,8388608,W,45152208,24,44299.948536
kworker/u17:2-5642,8388608,W,45152208,24,44299.949487
kworker/4:1H-218,8388608,W,44668336,8,44299.949871
kworker/u16:7-5621,8388608,W,45152232,24,44305.40355
kworker/u17:2-5642,8388608,W,45152232,24,44305.404388
TaskSnapshotPer-1927,8388608,W,45152256,8,44306.053762
kworker/u17:1-5383,8388608,W,45152256,8,44306.054566
kworker/3:1H-227,8388608,W,44668344,8,44306.05727
LazyTaskWriterT-2866,8388608,W,45152264,8,44309.065111
kworker/u17:2-5642,8388608,W,45152264,8,44309.067504
kworker/0:0H-5,8388608,W,44668352,8,44309.072572
kworker/u16:2-5378,8388608,W,93880800,392,44310.524481
kworker/u17:2-5642,8388608,W,93880800,392,44310.525776
kworker/u16:7-5621,8388608,W,45152272,64,44315.647082
kworker/u16:7-5621,8388608,W,93908288,464,44325.886884
kworker/u17:2-5642,8388608,W,93908288,464,44325.889643
kworker/u16:7-5621,8388608,W,45152336,24,44331.005764
kworker/u17:2-5642,8388608,W,45152336,24,44331.007754
kworker/u16:7-5621,8388608,W,45152360,8,44331.011652
kworker/u16:7-5621,8388608,W,45152368,8,44331.011918
kworker/u16:7-5621,8388608,W,45152376,48,44331.011983
kworker/u16:7-5621,8388608,W,45152424,8,44331.012066
kworker/u16:7-5621,8388608,W,45152432,120,44331.012128
kworker/u16:7-5621,8388608,W,45152552,64,44331.012212
kworker/u16:7-5621,8388608,W,45576544,232,44331.012271
kworker/u16:7-5621,8388608,W,45576776,96,44331.012329
kworker/u16:7-5621,8388608,W,93881192,208,44331.012383
kworker/u16:2-5378,8388608,W,93881400,224,44366.846114
kworker/u17:2-5642,8388608,W,93881400,224,44366.848082
dmd-1151,8388608,W,93908752,32,44378.313154
kworker/u17:2-5642,8388608,W,93908752,32,44378.314413
kworker/u17:2-5642,8388608,W,93912880,1024,44378.314625
kworker/u17:2-5642,8388608,W,93913904,1024,44378.314695
dmd-1151,8388608,W,93914928,40,44378.31819
dmd-1151,8388608,W,93914968,1024,44378.318294
dmd-1151,8388608,W,93915992,960,44378.318379
kworker/1:1H-228,8388608,W,44668360,8,44378.324385
kworker/u16:2-5378,8388608,W,45152616,8,44387.325663
kworker/u17:2-5642,8388608,W,45152616,8,44387.327792
kworker/u16:2-5378,8388608,W,93916952,304,44392.446519
kworker/u17:2-5642,8388608,W,93916952,304,44392.448773
kworker/u16:7-5621,8388608,W,93881624,744,44402.686592
kworker/u17:2-5642,8388608,W,93881624,744,44402.688253
jbd2/sda1-8-503,8388608,W,11120,48,44406.844699
kworker/u17:2-5642,8388608,W,11120,48,44406.846008
kworker/0:0H-5,8388608,W,11168,8,44406.850288
kworker/u16:7-5621,8388608,W,80,8,44410.621427
kworker/u17:2-5642,8388608,W,80,8,44410.623471
kworker/u17:2-5642,8388608,W,56,16,44410.623663
kworker/u17:2-5642,8388608,W,48,8,44410.623697
kworker/u17:2-5642,8388608,W,111168,8,44410.623732
PowerStatsServi-2768,8388608,W,45152624,64,44419.943673
kworker/u17:2-5642,8388608,W,45152624,64,44419.945438
kworker/2:1H-225,8388608,W,44668368,8,44419.949182
PowerStatsServi-2768,8388608,W,45152688,24,44419.990107
kworker/u17:2-5642,8388608,W,45152688,24,44419.991883
kworker/1:1H-228,8388608,W,44668376,8,44419.993362
android.bg-1692,8388608,W,45152712,24,44422.454154
kworker/u17:2-5642,8388608,W,45152712,24,44422.45586
kworker/0:0H-5,8388608,W,44668384,8,44422.45971
android.bg-1692,8388608,W,45152736,32,44422.502981
kworker/u17:2-5642,8388608,W,45152736,32,44422.504282
kworker/0:0H-5,8388608,W,44668392,8,44422.504965
android.bg-1692,8388608,W,45152768,8,44422.523566
kworker/u17:2-5642,8388608,W,45152768,8,44422.524875
kworker/0:0H-5,8388608,W,44668400,8,44422.525817
android.bg-1692,8388608,W,45152776,8,44422.546571
kworker/u17:2-5642,8388608,W,45152776,8,44422.547688
kworker/2:1H-225,8388608,W,44668408,8,44422.548289
android.bg-1692,8388608,W,45152784,8,44422.566998
kworker/u17:2-5642,8388608,W,45152784,8,44422.568502
kworker/0:0H-5,8388608,W,44668416,8,44422.569122
android.bg-1692,8388608,W,45152792,88,44422.608494
kworker/u17:2-5642,8388608,W,45152792,88,44422.61009
kworker/1:1H-228,8388608,W,44668424,8,44422.610601
android.bg-1692,8388608,W,45152880,8,44422.615164
kworker/0:0H-5,8388608,W,44668432,8,44422.615779
kworker/u16:2-5378,8388608,W,45152888,8,44428.285224
kworker/u17:2-5642,8388608,W,45152888,8,44428.287316
kworker/u16:2-5378,8388608,W,45152896,8,44433.407192
kworker/u17:2-5642,8388608,W,45152896,8,44433.409379
kworker/u17:2-5642,8388608,W,45152904,8,44433.409632
kworker/u17:2-5642,8388608,W,93882368,48,44433.409726
f2fs_ckpt-254:4-648,8388608,W,45152912,24,44464.127071
kworker/u17:2-5642,8388608,W,45152912,24,44464.129422
f2fs_ckpt-254:4-648,8388608,W,45152936,24,44464.130138
f2fs_ckpt-254:4-648,8388608,W,45152960,8,44464.130621
f2fs_ckpt-254:4-648,8388608,W,45152968,16,44464.131272
f2fs_ckpt-254:4-648,8388608,W,45152984,8,44464.131568
kworker/3:1H-227,8388608,W,26260816,240,44464.133844
kworker/3:1H-227,8388608,W,44668440,336,44464.136887
f2fs_ckpt-254:4-648,8388608,W,18333504,8,44464.140438
f2fs_ckpt-254:4-648,8388608,W,18333728,8,44464.14055
f2fs_ckpt-254:4-648,8388608,W,18334400,16,44464.140587
f2fs_ckpt-254:4-648,8388608,W,18334752,8,44464.140615
f2fs_ckpt-254:4-648,8388608,W,18336136,8,44464.140639
f2fs_ckpt-254:4-648,8388608,W,18346024,8,44464.140668
f2fs_ckpt-254:4-648,8388608,W,18346664,16,44464.140702
f2fs_ckpt-254:4-648,8388608,W,18346704,8,44464.140733
f2fs_ckpt-254:4-648,8388608,W,18346784,8,44464.140758
f2fs_ckpt-254:4-648,8388608,W,18348416,8,44464.140782
f2fs_ckpt-254:4-648,8388608,W,18358096,32,44464.14081
f2fs_ckpt-254:4-648,8388608,W,18362160,8,44464.140836
f2fs_ckpt-254:4-648,8388608,W,18362648,16,44464.140864
f2fs_ckpt-254:4-648,8388608,W,18365992,8,44464.14089
f2fs_ckpt-254:4-648,8388608,W,18366128,8,44464.140921
f2fs_ckpt-254:4-648,8388608,W,18366448,8,44464.140954
f2fs_ckpt-254:4-648,8388608,W,18366464,8,44464.140979
f2fs_ckpt-254:4-648,8388608,W,18370536,8,44464.141004
f2fs_ckpt-254:4-648,8388608,W,18370552,8,44464.141032
f2fs_ckpt-254:4-648,8388608,W,18875528,8,44464.141059
f2fs_ckpt-254:4-648,8388608,W,18875608,8,44464.141086
f2fs_ckpt-254:4-648,8388608,W,18875648,8,44464.141116
f2fs_ckpt-254:4-648,8388608,W,18875864,8,44464.141144
f2fs_ckpt-254:4-648,8388608,W,18875960,8,44464.141169
f2fs_ckpt-254:4-648,8388608,W,18876112,8,44464.141195
f2fs_ckpt-254:4-648,8388608,W,18876160,8,44464.141221
f2fs_ckpt-254:4-648,8388608,W,18876280,8,44464.141248
f2fs_ckpt-254:4-648,8388608,W,18876296,8,44464.141285
f2fs_ckpt-254:4-648,8388608,W,18970760,8,44464.141311
f2fs_ckpt-254:4-648,8388608,W,18970776,8,44464.141335
f2fs_ckpt-254:4-648,8388608,W,18991744,8,44464.141359
f2fs_ckpt-254:4-648,8388608,W,18325296,32,44464.142383
kworker/0:0H-5,8388608,W,18325328,8,44464.143753
kworker/u16:2-5378,8388608,W,93882416,584,44469.244644
kworker/u17:2-5642,8388608,W,93882416,584,44469.246697
kworker/u17:2-5642,8388608,W,93917256,184,44469.246846
dmd-1151,8388608,W,93917440,1024,44475.236915
kworker/u17:2-5642,8388608,W,93917440,1024,44475.238292
kworker/u17:2-5642,8388608,W,93918464,1024,44475.238488
dmd-1151,8388608,W,93919488,8,44475.2408
dmd-1151,8388608,W,93919496,1024,44475.240927
dmd-1151,8388608,W,93920520,1024,44475.241032
kworker/3:1H-227,8388608,W,44668776,16,44475.245921
kworker/u16:7-5621,8388608,W,93883000,40,44499.965751
kworker/u17:2-5642,8388608,W,93883000,40,44499.967793
kworker/u16:2-5378,8388608,W,45152992,8,44525.564871
kworker/u17:2-5642,8388608,W,45152992,8,44525.566219
kworker/u16:7-5621,8388608,W,93883040,40,44535.805851
kworker/u17:2-5642,8388608,W,93883040,40,44535.807866
PowerStatsServi-2768,8388608,W,45153000,64,44539.946623
kworker/u17:2-5642,8388608,W,45153000,64,44539.949521
kworker/1:1H-228,8388608,W,44668792,8,44539.952803
PowerStatsServi-2768,8388608,W,45153064,24,44539.996422
kworker/u17:2-5642,8388608,W,45153064,24,44539.998848
kworker/3:1H-227,8388608,W,44668800,8,44540.000655
kworker/u16:2-5378,8388608,W,45153088,16,44551.165876
kworker/u17:2-5642,8388608,W,45153088,16,44551.168844
AsyncTask,8388608,W,45153104,32,44563.012353
kworker/u17:2-5642,8388608,W,45153104,32,44563.014373
kworker/0:0H-5,8388608,W,44668808,8,44563.017664
AsyncTask,8388608,W,45153136,8,44563.029099
kworker/u17:2-5642,8388608,W,45153136,8,44563.030305
kworker/0:0H-5,8388608,W,44668816,8,44563.030999
kworker/u16:7-5621,8388608,W,93883080,40,44571.646004
kworker/u17:2-5642,8388608,W,93883080,40,44571.648024
jbd2/sda1-8-503,8388608,W,11176,48,44586.813465
kworker/u17:2-5642,8388608,W,11176,48,44586.815842
kworker/0:0H-5,8388608,W,11224,8,44586.819726
kworker/u16:7-5621,8388608,W,80,8,44590.588073
kworker/u17:2-5642,8388608,W,80,8,44590.589557
kworker/u17:2-5642,8388608,W,56,16,44590.589692
kworker/u17:2-5642,8388608,W,48,8,44590.589717
kworker/u17:2-5642,8388608,W,127496,8,44590.589738
kworker/u16:7-5621,8388608,W,45153144,128,44607.48691
kworker/u17:2-5642,8388608,W,45153144,128,44607.488996
kworker/u17:2-5642,8388608,W,93883120,400,44607.489245
dmd-1151,8388608,W,93921544,1024,44623.932796
kworker/u17:2-5642,8388608,W,93921544,1024,44623.934278
kworker/u17:2-5642,8388608,W,93922568,1024,44623.934472
dmd-1151,8388608,W,93923592,48,44623.937443
kworker/0:0H-5,8388608,W,93923640,1024,44623.937803
dmd-1151,8388608,W,93924664,984,44623.938092
kworker/1:1H-228,8388608,W,44668824,16,44623.944421
kworker/u16:2-5378,8388608,W,93883520,40,44643.32564
kworker/u17:2-5642,8388608,W,93883520,40,44643.327789
PowerStatsServi-2768,8388608,W,45153272,64,44659.94424
kworker/u17:2-5642,8388608,W,45153272,64,44659.946745
kworker/1:1H-228,8388608,W,44668840,8,44659.951617
PowerStatsServi-2768,8388608,W,45153336,24,44659.995133
kworker/u17:2-5642,8388608,W,45153336,24,44659.996787
kworker/2:1H-225,8388608,W,44668848,8,44659.99805
kworker/u16:7-5621,8388608,W,45153360,8,44668.925835
kworker/u17:2-5642,8388608,W,45153360,8,44668.929993
kworker/u16:2-5378,8388608,W,93883560,40,44679.165775
kworker/u17:2-5642,8388608,W,93883560,40,44679.168631
f2fs_ckpt-254:4-648,8388608,W,45153368,16,44684.286541
kworker/u17:2-5642,8388608,W,45153368,16,44684.288521
kworker/u17:2-5642,8388608,W,45153384,32,44684.28872
kworker/3:1H-227,8388608,W,26261056,24,44684.289175
kworker/3:1H-227,8388608,W,44668856,64,44684.28953
f2fs_ckpt-254:4-648,8388608,W,18334384,8,44684.293315
f2fs_ckpt-254:4-648,8388608,W,18346016,8,44684.293558
f2fs_ckpt-254:4-648,8388608,W,18346688,8,44684.293618
f2fs_ckpt-254:4-648,8388608,W,18347040,8,44684.293713
f2fs_ckpt-254:4-648,8388608,W,18348424,8,44684.293762
f2fs_ckpt-254:4-648,8388608,W,18358064,8,44684.293809
f2fs_ckpt-254:4-648,8388608,W,18358144,8,44684.293857
f2fs_ckpt-254:4-648,8388608,W,18358632,8,44684.293904
f2fs_ckpt-254:4-648,8388608,W,18362192,8,44684.293946
f2fs_ckpt-254:4-648,8388608,W,18362216,8,44684.293992
f2fs_ckpt-254:4-648,8388608,W,18366440,8,44684.29404
f2fs_ckpt-254:4-648,8388608,W,18370560,8,44684.294081
f2fs_ckpt-254:4-648,8388608,W,18970784,16,44684.29413
f2fs_ckpt-254:4-648,8388608,W,18991744,8,44684.294177
f2fs_ckpt-254:4-648,8388608,W,18329392,32,44684.294591
kworker/0:0H-5,8388608,W,18329424,8,44684.297569
kworker/u16:1-5374,8388608,W,93883600,416,44715.007291
kworker/u17:2-5642,8388608,W,93883600,416,44715.009301
kworker/u17:2-5642,8388608,W,93925648,136,44715.009529
kworker/u16:1-5374,8388608,W,45153416,8,44740.605457
kworker/u17:2-5642,8388608,W,45153416,8,44740.607786
kworker/u16:1-5374,8388608,W,93884016,192,44750.846874
kworker/u17:2-5642,8388608,W,93884016,192,44750.84955
kworker/u17:2-5642,8388608,W,93925784,24,44750.849917
kworker/7:1H-91,8388608,W,44668920,8,44761.88413
kworker/u17:0-5814,8388608,W,44668920,8,44761.884887
pool-14-thread--5878,8388608,W,45153424,8,44761.887421
kworker/5:1H-437,8388608,W,44668928,8,44761.887667
kworker/7:1H-91,8388608,W,44668936,8,44761.907011
kworker/u17:0-5814,8388608,W,44668936,8,44761.907901
pool-14-thread--5878,8388608,W,45153432,8,44761.908303
kworker/0:0H-5,8388608,W,44668944,8,44761.908567
kworker/6:1H-422,8388608,W,44668952,8,44761.911058
pool-14-thread--5878,8388608,W,45153440,8,44761.911204
kworker/6:1H-422,8388608,W,44668960,8,44761.911347
kworker/6:1H-422,8388608,W,44668968,8,44761.913033
pool-14-thread--5878,8388608,W,45153448,8,44761.913156
kworker/6:1H-422,8388608,W,44668976,8,44761.913274
kworker/6:1H-422,8388608,W,44668984,8,44761.915112
pool-14-thread--5878,8388608,W,45153456,8,44761.915234
kworker/5:1H-437,8388608,W,44668992,8,44761.915416
kworker/6:1H-422,8388608,W,44669000,8,44761.917206
pool-14-thread--5878,8388608,W,45153464,8,44761.917321
kworker/6:1H-422,8388608,W,44669008,8,44761.917441
kworker/6:1H-422,8388608,W,44669016,8,44761.919313
pool-14-thread--5878,8388608,W,45153472,8,44761.919427
kworker/6:1H-422,8388608,W,44669024,8,44761.91955
kworker/7:1H-91,8388608,W,44669032,8,44761.947369
kworker/u17:0-5814,8388608,W,44669032,8,44761.948197
pool-14-thread--5878,8388608,W,45153480,8,44761.948406
kworker/7:1H-91,8388608,W,44669040,8,44761.948541
queued-work-loo-5892,8388608,W,45153488,8,44762.189865
kworker/u17:0-5814,8388608,W,45153488,8,44762.190791
kworker/3:1H-227,8388608,W,44669048,8,44762.193278
Thread-19-5899,8388608,W,45153496,8,44762.499261
kworker/u17:0-5814,8388608,W,45153496,8,44762.500061
kworker/6:1H-422,8388608,W,44669056,8,44762.502446
Thread-19-5899,8388608,W,45153504,8,44762.502907
kworker/6:1H-422,8388608,W,44669064,8,44762.503052
Thread-21-5906,8388608,W,45153512,8,44762.536278
Thread-17-5893,8388608,W,45153520,8,44762.536304
kworker/u17:0-5814,8388608,W,45153520,8,44762.537154
kworker/u17:0-5814,8388608,W,45153512,8,44762.537183
kworker/7:1H-91,8388608,W,44669072,8,44762.537368
kworker/7:1H-91,8388608,W,44669080,8,44762.537407
Thread-21-5906,8388608,W,45153528,8,44762.537738
Thread-17-5893,8388608,W,45153536,8,44762.537759
kworker/6:1H-422,8388608,W,44669088,16,44762.537883
Thread-15-5885,8388608,W,45153544,8,44762.540643
kworker/6:1H-422,8388608,W,44669104,8,44762.540849
Thread-15-5885,8388608,W,45153552,8,44762.541659
kworker/6:1H-422,8388608,W,44669112,8,44762.541965
Thread-15-5885,8388608,W,45153560,8,44762.542459
kworker/5:1H-437,8388608,W,44669120,8,44762.542663
Thread-15-5885,8388608,W,45153584,8,44763.011286
Thread-17-5893,8388608,W,45153568,8,44763.01129
kworker/u17:0-5814,8388608,W,45153568,8,44763.012092
kworker/u17:0-5814,8388608,W,45153584,8,44763.012109
kworker/u17:0-5814,8388608,W,45153576,8,44763.012115
kworker/u17:0-5814,8388608,W,45153592,8,44763.012121
kworker/6:1H-422,8388608,W,44669128,16,44763.01447
kworker/6:1H-422,8388608,W,44669144,8,44763.01449
kworker/5:1H-437,8388608,W,44669152,8,44763.014705
Thread-21-5906,8388608,W,45153600,8,44763.283679
Thread-19-5899,8388608,W,45153616,8,44763.283687
kworker/u17:0-5814,8388608,W,45153616,8,44763.28451
kworker/u17:0-5814,8388608,W,45153600,8,44763.284535
kworker/u17:0-5814,8388608,W,45153608,8,44763.284542
kworker/6:1H-422,8388608,W,44669160,24,44763.286856
Thread-21-5906,8388608,W,45153624,8,44763.287753
Thread-19-5899,8388608,W,45153632,8,44763.287768
kworker/6:1H-422,8388608,W,44669184,8,44763.287918
kworker/7:1H-91,8388608,W,44669192,8,44763.287957
Thread-17-5893,8388608,W,45153640,8,44763.288524
kworker/6:1H-422,8388608,W,44669200,8,44763.288878
Thread-15-5885,8388608,W,45153648,8,44763.295798
kworker/u17:0-5814,8388608,W,45153648,8,44763.296701
kworker/6:1H-422,8388608,W,44669208,8,44763.297037
Thread-15-5885,8388608,W,45153656,8,44763.298034
kworker/6:1H-422,8388608,W,44669216,8,44763.298174
statsSaveQueue-5934,8388608,W,44636992,8,44763.887497
kworker/u17:0-5814,8388608,W,44636992,8,44763.88998
kworker/7:1H-91,8388608,W,44669224,8,44763.892182
queued-work-loo-5892,8388608,W,45153664,8,44764.408762
kworker/u17:0-5814,8388608,W,45153664,8,44764.409584
kworker/7:1H-91,8388608,W,44669232,8,44764.411881
LazyTaskWriterT-2866,8388608,W,45153672,8,44764.715706
kworker/u17:0-5814,8388608,W,45153672,8,44764.717558
kworker/4:1H-218,8388608,W,44669240,8,44764.720374
LazyTaskWriterT-2866,8388608,W,45153680,8,44765.223357
kworker/u17:0-5814,8388608,W,45153680,8,44765.224209
kworker/4:1H-218,8388608,W,44669248,8,44765.226566
kworker/u16:2-5378,8388608,W,45153688,64,44766.205162
kworker/u17:0-5814,8388608,W,45153688,64,44766.206286
jbd2/sda1-8-503,8388608,W,11232,48,44766.843641
kworker/u17:2-5642,8388608,W,11232,48,44766.844892
kworker/0:0H-5,8388608,W,11280,8,44766.848794
kworker/u16:1-5374,8388608,W,80,8,44770.55577
kworker/u17:2-5642,8388608,W,80,8,44770.556775
kworker/u17:2-5642,8388608,W,56,16,44770.556863
kworker/u17:2-5642,8388608,W,48,8,44770.55688
kworker/u17:2-5642,8388608,W,119312,8,44770.556896
PowerStatsServi-2768,8388608,W,45153752,64,44779.920863
kworker/u17:0-5814,8388608,W,45153752,64,44779.921715
kworker/4:1H-218,8388608,W,44669256,8,44779.924269
PowerStatsServi-2768,8388608,W,45153816,24,44779.934091
kworker/u17:0-5814,8388608,W,45153816,24,44779.934913
kworker/4:1H-218,8388608,W,44669264,8,44779.935404
statsSaveQueue-5934,8388608,W,44636992,8,44781.035568
kworker/u17:0-5814,8388608,W,44636992,8,44781.036464
kworker/7:1H-91,8388608,W,44669272,8,44781.039182
kworker/u16:2-5378,8388608,W,45153840,88,44786.684082
kworker/u17:0-5814,8388608,W,45153840,88,44786.685268
kworker/u16:2-5378,8388608,W,45153928,8,44791.804411
<...>-5814,8388608,W,45153928,8,44791.805647
<...>-5814,8388608,W,93908784,552,44791.805753
TaskSnapshotPer-1927,8388608,W,45153936,8,44793.130987
kworker/u17:0-5814,8388608,W,45153936,8,44793.132053
kworker/5:1H-437,8388608,W,44669280,8,44793.134404
kworker/1:1H-228,8388608,W,45153944,8,44793.170012
kworker/u17:0-5814,8388608,W,45153944,8,44793.170933
kworker/u17:0-5814,8388608,W,45153952,16,44793.170985
kworker/0:0H-5,8388608,W,44669288,8,44793.172026
LazyTaskWriterT-2866,8388608,W,45153968,8,44796.149504
kworker/u17:0-5814,8388608,W,45153968,8,44796.151656
kworker/2:1H-225,8388608,W,44669296,8,44796.157795
kworker/u16:2-5378,8388608,W,45153976,64,44796.928409
kworker/u17:0-5814,8388608,W,45153976,64,44796.930496
kworker/u16:2-5378,8388608,W,45154040,8,44796.930662
kworker/u16:2-5378,8388608,W,45154048,32,44796.93077
kworker/u17:0-5814,8388608,W,45154080,16,44796.930799
kworker/u16:2-5378,8388608,W,26271536,504,44796.930884
kworker/u16:2-5378,8388608,W,26272040,8,44796.930952
kworker/u16:2-5378,8388608,W,26272048,64,44796.931004
kworker/u16:2-5378,8388608,W,26272112,64,44796.931058
kworker/u16:2-5378,8388608,W,26272176,64,44796.931131
kworker/u16:1-5374,8388608,W,26272240,120,44807.166713
kworker/u17:0-5814,8388608,W,26272240,120,44807.168899
kworker/u17:0-5814,8388608,W,26272360,24,44807.169133
kworker/u16:1-5374,8388608,W,26272384,16,44822.526709
kworker/u17:0-5814,8388608,W,26272384,16,44822.528739
kworker/u17:0-5814,8388608,W,26272400,32,44822.528977
kworker/u17:0-5814,8388608,W,26272432,120,44822.529032
kworker/u17:0-5814,8388608,W,93909336,136,44822.529072
kworker/u16:1-5374,8388608,W,26272552,48,44827.647851
kworker/u17:0-5814,8388608,W,26272552,48,44827.650189
kworker/u17:0-5814,8388608,W,26272600,8,44827.650295
kworker/u17:0-5814,8388608,W,45576872,216,44827.650325
kworker/u17:0-5814,8388608,W,45577088,96,44827.650349
kworker/u17:0-5814,8388608,W,104648640,656,44831.80232
kworker/1:1H-228,8388608,W,153305104,8,44831.802785
kworker/1:1H-228,8388608,W,153305120,24,44831.80284
kworker/4:1H-218,8388608,W,153305160,8,44831.8051
kworker/4:1H-218,8388608,W,153305176,8,44831.805123
kworker/4:1H-218,8388608,W,153832824,24,44831.805147
kworker/4:1H-218,8388608,W,143706128,32,44831.806131
kworker/4:1H-218,8388608,W,153832872,24,44831.806149
kworker/1:1H-228,8388608,W,143706168,24,44831.809013
kworker/1:1H-228,8388608,W,150933728,8,44831.809053
kworker/1:1H-228,8388608,W,150933784,8,44831.809079
kworker/1:1H-228,8388608,W,150933808,16,44831.809105
kworker/1:1H-228,8388608,W,150933848,8,44831.809129
kworker/5:1H-437,8388608,W,147887280,8,44831.810841
kworker/5:1H-437,8388608,W,147887320,16,44831.810862
kworker/5:1H-437,8388608,W,147887400,8,44831.810875
kworker/5:1H-437,8388608,W,150933936,16,44831.810891
kworker/5:1H-437,8388608,W,147887424,16,44831.81203
kworker/5:1H-437,8388608,W,147887496,8,44831.812047
kworker/3:1H-227,8388608,W,142289624,56,44831.814704
kworker/3:1H-227,8388608,W,152432888,8,44831.814742
kworker/3:1H-227,8388608,W,152432920,8,44831.814769
kworker/3:1H-227,8388608,W,152432944,8,44831.814793
kworker/3:1H-227,8388608,W,152433000,8,44831.814816
kworker/3:1H-227,8388608,W,152433112,8,44831.814842
kworker/3:1H-227,8388608,W,152433136,8,44831.814863
kworker/0:0H-5,8388608,W,151647960,8,44831.816991
kworker/0:0H-5,8388608,W,151648048,8,44831.817019
kworker/0:0H-5,8388608,W,151648088,24,44831.817156
kworker/0:0H-5,8388608,W,151648128,8,44831.81727
kworker/0:0H-5,8388608,W,152433200,8,44831.817293
kworker/0:0H-5,8388608,W,152433216,8,44831.817388
kworker/0:0H-5,8388608,W,151648160,8,44831.819638
kworker/0:0H-5,8388608,W,151648216,8,44831.819675
kworker/0:0H-5,8388608,W,153902048,8,44831.819792
kworker/0:0H-5,8388608,W,153902064,24,44831.819952
kworker/0:0H-5,8388608,W,153902096,8,44831.820026
kworker/0:0H-5,8388608,W,153902112,8,44831.820171
kworker/0:0H-5,8388608,W,153738656,16,44831.821765
kworker/0:0H-5,8388608,W,153738680,8,44831.821789
kworker/0:0H-5,8388608,W,153738744,24,44831.821814
kworker/0:0H-5,8388608,W,153902136,8,44831.821937
kworker/0:0H-5,8388608,W,153902152,8,44831.82196
kworker/0:0H-5,8388608,W,152656880,8,44831.823864
kworker/0:0H-5,8388608,W,152656920,8,44831.823892
kworker/0:0H-5,8388608,W,152656952,8,44831.824003
kworker/0:0H-5,8388608,W,152656984,8,44831.824081
kworker/0:0H-5,8388608,W,152657016,16,44831.824179
kworker/0:0H-5,8388608,W,153738776,8,44831.824279
kworker/0:0H-5,8388608,W,153738800,8,44831.824372
kworker/0:0H-5,8388608,W,143167752,8,44831.825929
kworker/0:0H-5,8388608,W,143167832,8,44831.825961
kworker/0:0H-5,8388608,W,143168000,8,44831.826075
kworker/0:0H-5,8388608,W,143168056,16,44831.826161
kworker/0:0H-5,8388608,W,152657040,16,44831.826263
kworker/0:0H-5,8388608,W,143168096,8,44831.828018
kworker/0:0H-5,8388608,W,143168208,8,44831.828052
kworker/0:0H-5,8388608,W,154216168,8,44831.828266
kworker/0:0H-5,8388608,W,154216184,8,44831.828405
kworker/0:0H-5,8388608,W,154216200,8,44831.828538
kworker/0:0H-5,8388608,W,154217440,8,44831.828605
kworker/0:0H-5,8388608,W,154217456,8,44831.828629
kworker/0:0H-5,8388608,W,154217472,8,44831.828708
kworker/0:0H-5,8388608,W,149277448,8,44831.83017
kworker/0:0H-5,8388608,W,154217504,8,44831.8302
kworker/0:0H-5,8388608,W,154217520,8,44831.830321
kworker/0:0H-5,8388608,W,149277488,48,44831.832083
kworker/0:0H-5,8388608,W,153925744,8,44831.832108
kworker/0:0H-5,8388608,W,153925760,16,44831.832136
kworker/0:0H-5,8388608,W,153925800,16,44831.832269
kworker/0:0H-5,8388608,W,153297688,24,44831.833728
kworker/0:0H-5,8388608,W,153297720,8,44831.833761
kworker/0:0H-5,8388608,W,153925824,16,44831.833786
kworker/0:0H-5,8388608,W,153925864,8,44831.833854
kworker/0:0H-5,8388608,W,153139944,24,44831.835437
kworker/0:0H-5,8388608,W,153297736,32,44831.835469
kworker/0:0H-5,8388608,W,153139976,24,44831.836935
kworker/0:0H-5,8388608,W,153140008,8,44831.836965
kworker/0:0H-5,8388608,W,142285528,64,44831.838566
kworker/0:0H-5,8388608,W,152650784,8,44831.83859
kworker/0:0H-5,8388608,W,152650824,8,44831.838616
kworker/0:0H-5,8388608,W,152650848,8,44831.838751
kworker/0:0H-5,8388608,W,152650888,8,44831.838776
kworker/0:0H-5,8388608,W,152650944,8,44831.838856
kworker/0:0H-5,8388608,W,152650968,8,44831.83888
kworker/0:0H-5,8388608,W,152651016,8,44831.840602
kworker/0:0H-5,8388608,W,152651032,8,44831.840624
kworker/0:0H-5,8388608,W,142304664,64,44831.842185
kworker/0:0H-5,8388608,W,142308776,64,44831.844013
kworker/0:0H-5,8388608,W,148792976,8,44831.844037
kworker/0:0H-5,8388608,W,19568920,8,44831.845762
kworker/0:0H-5,8388608,W,19569280,16,44831.845784
kworker/0:0H-5,8388608,W,19569624,16,44831.845807
kworker/0:0H-5,8388608,W,19569744,8,44831.84593
kworker/0:0H-5,8388608,W,19569864,8,44831.84635
kworker/0:0H-5,8388608,W,148794144,64,44831.84647
kworker/0:0H-5,8388608,W,19570224,16,44831.847898
kworker/0:0H-5,8388608,W,152502544,8,44831.847928
kworker/0:0H-5,8388608,W,152502664,8,44831.847946
kworker/0:0H-5,8388608,W,152502680,8,44831.847997
kworker/0:0H-5,8388608,W,152502696,8,44831.848018
kworker/0:0H-5,8388608,W,152502776,8,44831.848132
kworker/0:0H-5,8388608,W,152502792,8,44831.848222
kworker/0:0H-5,8388608,W,143739152,8,44831.849373
kworker/0:0H-5,8388608,W,143739232,8,44831.849402
kworker/0:0H-5,8388608,W,152502896,8,44831.849421
kworker/0:0H-5,8388608,W,152502912,8,44831.849519
kworker/0:0H-5,8388608,W,143739328,56,44831.850803
kworker/0:0H-5,8388608,W,153556600,8,44831.850831
kworker/0:0H-5,8388608,W,153556624,40,44831.850849
kworker/0:0H-5,8388608,W,153556680,48,44831.852122
kworker/0:0H-5,8388608,W,154494816,40,44831.852148
kworker/0:0H-5,8388608,W,154494864,24,44831.852166
kworker/0:0H-5,8388608,W,154494896,8,44831.852181
kworker/0:0H-5,8388608,W,154495880,8,44831.852303
kworker/0:0H-5,8388608,W,152848744,24,44831.853328
kworker/0:0H-5,8388608,W,152848792,8,44831.853351
kworker/0:0H-5,8388608,W,152848808,16,44831.85337
kworker/0:0H-5,8388608,W,152848832,8,44831.853461
kworker/0:0H-5,8388608,W,154495896,8,44831.853601
kworker/0:0H-5,8388608,W,154495920,8,44831.853666
kworker/0:0H-5,8388608,W,152736984,8,44831.854883
kworker/0:0H-5,8388608,W,152737000,8,44831.854935
kworker/0:0H-5,8388608,W,152737040,8,44831.855022
kworker/0:0H-5,8388608,W,152737056,24,44831.85508
kworker/0:0H-5,8388608,W,152737128,8,44831.855103
kworker/0:0H-5,8388608,W,152737152,24,44831.85526
kworker/0:0H-5,8388608,W,152737200,8,44831.855419
kworker/0:0H-5,8388608,W,152848856,16,44831.855482
kworker/0:0H-5,8388608,W,152737224,8,44831.856992
kworker/0:0H-5,8388608,W,152737240,8,44831.857017
kworker/0:0H-5,8388608,W,154496824,32,44831.857034
kworker/0:0H-5,8388608,W,154496864,24,44831.85709
kworker/0:0H-5,8388608,W,154498144,8,44831.857142
kworker/0:0H-5,8388608,W,154498344,24,44831.857191
kworker/0:0H-5,8388608,W,110519936,24,44831.858312
kworker/0:0H-5,8388608,W,154498488,16,44831.858332
kworker/5:1H-437,8388608,W,26799984,16,44831.860533
kworker/5:1H-437,8388608,W,26800032,8,44831.860552
kworker/5:1H-437,8388608,W,26800072,8,44831.860578
kworker/5:1H-437,8388608,W,26800104,8,44831.860592
kworker/5:1H-437,8388608,W,26800216,8,44831.860609
kworker/5:1H-437,8388608,W,26800344,8,44831.860623
kworker/5:1H-437,8388608,W,26800376,8,44831.860753
kworker/5:1H-437,8388608,W,26800424,8,44831.860772
kworker/5:1H-437,8388608,W,26801256,8,44831.860789
kworker/5:1H-437,8388608,W,26801824,8,44831.860803
kworker/5:1H-437,8388608,W,110520768,24,44831.860877
kworker/5:1H-437,8388608,W,26802312,8,44831.862694
kworker/5:1H-437,8388608,W,26803792,8,44831.862714
kworker/5:1H-437,8388608,W,142293344,48,44831.86274
kworker/5:1H-437,8388608,W,142294688,64,44831.862757
kworker/5:1H-437,8388608,W,26747112,48,44831.864512
kworker/5:1H-437,8388608,W,147826128,16,44831.864538
kworker/5:1H-437,8388608,W,147827224,8,44831.864556
kworker/5:1H-437,8388608,W,147827256,8,44831.864572
kworker/5:1H-437,8388608,W,147827304,8,44831.864585
kworker/5:1H-437,8388608,W,147827320,8,44831.8646
kworker/5:1H-437,8388608,W,147827368,8,44831.864712
kworker/5:1H-437,8388608,W,147827480,8,44831.864727
kworker/5:1H-437,8388608,W,147827536,8,44831.864743
kworker/5:1H-437,8388608,W,147827712,8,44831.864756
kworker/5:1H-437,8388608,W,147828112,8,44831.86482
kworker/5:1H-437,8388608,W,147828232,8,44831.864898
kworker/5:1H-437,8388608,W,147828256,16,44831.867777
kworker/5:1H-437,8388608,W,147828320,8,44831.867798
kworker/5:1H-437,8388608,W,151072560,48,44831.867815
kworker/5:1H-437,8388608,W,151072624,16,44831.867828
kworker/5:1H-437,8388608,W,151072648,40,44831.867843
kworker/5:1H-437,8388608,W,151072944,8,44831.867862
kworker/5:1H-437,8388608,W,151074312,8,44831.86801
kworker/5:1H-437,8388608,W,151074352,8,44831.868024
kworker/5:1H-437,8388608,W,153906216,8,44831.868039
kworker/5:1H-437,8388608,W,153906232,8,44831.868052
kworker/5:1H-437,8388608,W,153906248,48,44831.868067
kworker/5:1H-437,8388608,W,153906312,8,44831.868082
kworker/5:1H-437,8388608,W,153906328,8,44831.868097
kworker/5:1H-437,8388608,W,153906344,8,44831.868197
kworker/5:1H-437,8388608,W,153906376,8,44831.868218
kworker/5:1H-437,8388608,W,153906400,24,44831.868231
kworker/5:1H-437,8388608,W,153906464,8,44831.868278
kworker/5:1H-437,8388608,W,30187688,24,44831.86909
kworker/5:1H-437,8388608,W,30187728,8,44831.869114
kworker/5:1H-437,8388608,W,154483056,48,44831.869131
kworker/4:1H-218,8388608,W,30187744,8,44831.870685
kworker/4:1H-218,8388608,W,30187800,8,44831.870706
kworker/4:1H-218,8388608,W,30367544,8,44831.870719
kworker/4:1H-218,8388608,W,30367560,16,44831.870734
kworker/4:1H-218,8388608,W,30367592,8,44831.870751
kworker/4:1H-218,8388608,W,30272280,16,44831.871831
kworker/4:1H-218,8388608,W,30272312,16,44831.871849
kworker/4:1H-218,8388608,W,30367640,16,44831.87187
kworker/4:1H-218,8388608,W,30121408,32,44831.872873
kworker/4:1H-218,8388608,W,30121448,8,44831.872889
kworker/4:1H-218,8388608,W,30272344,16,44831.872909
kworker/4:1H-218,8388608,W,30272408,8,44831.872926
kworker/4:1H-218,8388608,W,30121464,8,44831.874104
kworker/4:1H-218,8388608,W,30121512,8,44831.874124
kworker/4:1H-218,8388608,W,30377904,16,44831.874138
kworker/4:1H-218,8388608,W,30377936,24,44831.874155
kworker/4:1H-218,8388608,W,30342848,24,44831.875174
kworker/4:1H-218,8388608,W,30342880,8,44831.875189
kworker/4:1H-218,8388608,W,30378016,24,44831.875206
kworker/4:1H-218,8388608,W,30342896,40,44831.876366
kworker/4:1H-218,8388608,W,30342952,8,44831.876382
kworker/4:1H-218,8388608,W,30351688,16,44831.876397
kworker/4:1H-218,8388608,W,30351720,16,44831.876414
kworker/4:1H-218,8388608,W,30351776,8,44831.876428
kworker/4:1H-218,8388608,W,30352136,8,44831.876448
kworker/4:1H-218,8388608,W,30038616,48,44831.877621
kworker/4:1H-218,8388608,W,30038672,8,44831.87764
kworker/4:1H-218,8388608,W,30038696,8,44831.877662
kworker/4:1H-218,8388608,W,30352160,8,44831.877677
kworker/4:1H-218,8388608,W,30352200,8,44831.877691
kworker/4:1H-218,8388608,W,30038720,8,44831.87867
kworker/4:1H-218,8388608,W,30038736,8,44831.878687
kworker/4:1H-218,8388608,W,31075464,16,44831.878707
kworker/4:1H-218,8388608,W,31075632,32,44831.880039
f2fs_gc-254:42-654,8388608,W,30079800,96,44831.880574
f2fs_gc-254:42-654,8388608,W,30143016,8,44831.880601
kworker/u16:2-5378,8388608,W,93909472,16,44843.006418
kworker/u17:0-5814,8388608,W,93909472,16,44843.009213
kworker/u17:0-5814,8388608,W,26272608,8,44843.009517
kworker/u16:2-5378,8388608,W,93909488,8,44848.12589
kworker/u17:0-5814,8388608,W,93909488,8,44848.128873
kworker/u16:2-5378,8388608,W,93909496,8,44853.246138
kworker/u17:0-5814,8388608,W,93909496,8,44853.248907
kworker/u16:1-5374,8388608,W,93909504,8,44863.486218
kworker/u17:0-5814,8388608,W,93909504,8,44863.488715
kworker/u16:1-5374,8388608,W,93909512,8,44873.726128
kworker/u17:0-5814,8388608,W,93909512,8,44873.728161
kworker/u16:1-5374,8388608,W,93909520,8,44878.846235
kworker/u17:0-5814,8388608,W,93909520,8,44878.849122
f2fs_ckpt-254:4-648,8388608,W,26272616,24,44889.087323
kworker/u17:0-5814,8388608,W,26272616,24,44889.089503
kworker/u17:0-5814,8388608,W,26272640,56,44889.089772
kworker/2:1H-225,8388608,W,26261080,168,44889.094759
kworker/2:1H-225,8388608,W,44669304,448,44889.095255
f2fs_ckpt-254:4-648,8388608,W,18333528,8,44889.103004
kworker/2:1H-225,8388608,W,18333720,24,44889.103329
kworker/2:1H-225,8388608,W,18333864,16,44889.103559
kworker/2:1H-225,8388608,W,18334400,8,44889.10361
kworker/2:1H-225,8388608,W,18334416,8,44889.103747
kworker/2:1H-225,8388608,W,18336136,8,44889.103795
kworker/2:1H-225,8388608,W,18336512,8,44889.103845
kworker/2:1H-225,8388608,W,18337848,16,44889.103895
kworker/2:1H-225,8388608,W,18338080,8,44889.103943
kworker/2:1H-225,8388608,W,18338104,8,44889.103988
kworker/2:1H-225,8388608,W,18338160,16,44889.104035
kworker/2:1H-225,8388608,W,18338216,16,44889.104084
kworker/2:1H-225,8388608,W,18338264,8,44889.104131
kworker/2:1H-225,8388608,W,18338288,8,44889.104183
kworker/2:1H-225,8388608,W,18345776,16,44889.104235
kworker/2:1H-225,8388608,W,18345800,8,44889.10429
kworker/2:1H-225,8388608,W,18345848,8,44889.104336
kworker/2:1H-225,8388608,W,18346040,8,44889.104379
kworker/2:1H-225,8388608,W,18346168,8,44889.104441
kworker/2:1H-225,8388608,W,18346192,8,44889.104488
kworker/2:1H-225,8388608,W,18346672,8,44889.10453
kworker/2:1H-225,8388608,W,18349016,8,44889.10457
kworker/2:1H-225,8388608,W,18350168,8,44889.1046
kworker/2:1H-225,8388608,W,18350192,8,44889.104633
kworker/2:1H-225,8388608,W,18350336,8,44889.104659
kworker/2:1H-225,8388608,W,18350472,8,44889.104685
kworker/2:1H-225,8388608,W,18350528,8,44889.104716
kworker/2:1H-225,8388608,W,18350544,8,44889.104746
kworker/2:1H-225,8388608,W,18350560,8,44889.104772
kworker/2:1H-225,8388608,W,18358096,8,44889.1048
kworker/2:1H-225,8388608,W,18358120,8,44889.104822
kworker/2:1H-225,8388608,W,18358208,8,44889.104849
f2fs_ckpt-254:4-648,8388608,W,18358560,8,44889.108697
f2fs_ckpt-254:4-648,8388608,W,18362032,8,44889.108916
f2fs_ckpt-254:4-648,8388608,W,18362088,8,44889.108965
f2fs_ckpt-254:4-648,8388608,W,18362160,8,44889.10901
f2fs_ckpt-254:4-648,8388608,W,18362208,8,44889.109049
f2fs_ckpt-254:4-648,8388608,W,18362736,8,44889.10909
f2fs_ckpt-254:4-648,8388608,W,18366160,16,44889.109131
f2fs_ckpt-254:4-648,8388608,W,18366456,16,44889.109171
f2fs_ckpt-254:4-648,8388608,W,18370536,16,44889.109211
f2fs_ckpt-254:4-648,8388608,W,18370568,8,44889.109248
f2fs_ckpt-254:4-648,8388608,W,18825568,8,44889.109289
f2fs_ckpt-254:4-648,8388608,W,18839592,8,44889.109328
f2fs_ckpt-254:4-648,8388608,W,18839696,8,44889.109364
f2fs_ckpt-254:4-648,8388608,W,18846016,8,44889.109402
f2fs_ckpt-254:4-648,8388608,W,18846096,8,44889.109447
f2fs_ckpt-254:4-648,8388608,W,18846176,8,44889.109484
f2fs_ckpt-254:4-648,8388608,W,18846224,8,44889.109522
f2fs_ckpt-254:4-648,8388608,W,18846312,8,44889.109561
f2fs_ckpt-254:4-648,8388608,W,18846472,8,44889.109832
f2fs_ckpt-254:4-648,8388608,W,18846608,8,44889.109884
f2fs_ckpt-254:4-648,8388608,W,18846632,8,44889.109926
f2fs_ckpt-254:4-648,8388608,W,18846664,8,44889.109965
f2fs_ckpt-254:4-648,8388608,W,18846680,8,44889.110008
f2fs_ckpt-254:4-648,8388608,W,18848040,8,44889.110049
f2fs_ckpt-254:4-648,8388608,W,18875536,8,44889.110091
f2fs_ckpt-254:4-648,8388608,W,18970768,8,44889.11013
f2fs_ckpt-254:4-648,8388608,W,18991744,8,44889.11017
f2fs_ckpt-254:4-648,8388608,W,19003208,8,44889.110209
f2fs_ckpt-254:4-648,8388608,W,19065248,24,44889.110255
f2fs_ckpt-254:4-648,8388608,W,19065288,16,44889.110303
f2fs_ckpt-254:4-648,8388608,W,19066976,8,44889.110344
f2fs_ckpt-254:4-648,8388608,W,19068024,8,44889.11038
f2fs_ckpt-254:4-648,8388608,W,19068088,8,44889.112412
f2fs_ckpt-254:4-648,8388608,W,19076072,8,44889.11267
f2fs_ckpt-254:4-648,8388608,W,19076192,8,44889.112736
f2fs_ckpt-254:4-648,8388608,W,19077960,8,44889.112778
f2fs_ckpt-254:4-648,8388608,W,19078904,8,44889.11282
f2fs_ckpt-254:4-648,8388608,W,19082144,8,44889.112864
f2fs_ckpt-254:4-648,8388608,W,19082416,8,44889.112902
f2fs_ckpt-254:4-648,8388608,W,19083536,8,44889.112943
f2fs_ckpt-254:4-648,8388608,W,19085072,8,44889.112987
f2fs_ckpt-254:4-648,8388608,W,19085208,8,44889.113029
f2fs_ckpt-254:4-648,8388608,W,19085496,16,44889.113072
f2fs_ckpt-254:4-648,8388608,W,19085664,8,44889.11311
f2fs_ckpt-254:4-648,8388608,W,19085880,8,44889.113146
f2fs_ckpt-254:4-648,8388608,W,19086448,8,44889.113191
f2fs_ckpt-254:4-648,8388608,W,19086760,8,44889.11323
f2fs_ckpt-254:4-648,8388608,W,19086776,8,44889.113269
f2fs_ckpt-254:4-648,8388608,W,19087264,8,44889.11331
f2fs_ckpt-254:4-648,8388608,W,19087616,8,44889.11335
f2fs_ckpt-254:4-648,8388608,W,19087800,8,44889.11339
f2fs_ckpt-254:4-648,8388608,W,19087936,16,44889.113432
f2fs_ckpt-254:4-648,8388608,W,19087984,8,44889.113473
f2fs_ckpt-254:4-648,8388608,W,19088552,8,44889.113516
f2fs_ckpt-254:4-648,8388608,W,19089072,8,44889.113554
f2fs_ckpt-254:4-648,8388608,W,19089096,16,44889.113592
f2fs_ckpt-254:4-648,8388608,W,18325296,24,44889.11429
kworker/0:0H-5,8388608,W,18325320,8,44889.116912
dmd-1151,8388608,W,93925808,1024,44892.471079
<...>-5814,8388608,W,93925808,1024,44892.47294
<...>-5814,8388608,W,93926832,1024,44892.473146
dmd-1151,8388608,W,93927856,72,44892.476595
kworker/0:0H-5,8388608,W,93927928,1024,44892.476748
dmd-1151,8388608,W,93928952,312,44892.479979
dmd-1151,8388608,W,93933360,656,44892.480901
kworker/0:0H-5,8388608,W,44669752,24,44892.482146
PowerStatsServi-2768,8388608,W,26272696,64,44899.938178
kworker/u17:0-5814,8388608,W,26272696,64,44899.940595
kworker/2:1H-225,8388608,W,44669776,8,44899.944747
PowerStatsServi-2768,8388608,W,26272760,24,44899.968057
kworker/u17:0-5814,8388608,W,26272760,24,44899.970328
kworker/4:1H-218,8388608,W,44669784,8,44899.971502
kworker/u16:1-5374,8388608,W,93909528,32,44914.685156
kworker/u17:0-5814,8388608,W,93909528,32,44914.686995
jbd2/sda1-8-503,8388608,W,11288,48,44946.845547
kworker/u17:0-5814,8388608,W,11288,48,44946.847939
kworker/0:0H-5,8388608,W,11336,8,44946.852313
kworker/u16:1-5374,8388608,W,56,16,44950.525312
kworker/u16:2-5378,8388608,W,80,8,44950.525363
kworker/u17:0-5814,8388608,W,56,16,44950.527218
kworker/u17:0-5814,8388608,W,80,8,44950.527672
kworker/u17:0-5814,8388608,W,48,8,44950.527741
kworker/u17:0-5814,8388608,W,119320,8,44950.527797
kworker/u17:0-5814,8388608,W,93909560,40,44950.527895
kworker/u16:2-5378,8388608,W,93909600,40,44991.485412
kworker/u17:0-5814,8388608,W,93909600,40,44991.487759
f2fs_ckpt-254:4-648,8388608,W,26272784,8,45000.23833
kworker/u17:0-5814,8388608,W,26272784,8,45000.23959
kworker/u17:0-5814,8388608,W,26272792,24,45000.239761
kworker/0:0H-5,8388608,W,26261248,24,45000.240588
kworker/0:0H-5,8388608,W,44669792,32,45000.240751
f2fs_ckpt-254:4-648,8388608,W,18334384,8,45000.245595
f2fs_ckpt-254:4-648,8388608,W,18346016,16,45000.245701
f2fs_ckpt-254:4-648,8388608,W,18346688,8,45000.245737
f2fs_ckpt-254:4-648,8388608,W,18348424,8,45000.246667
f2fs_ckpt-254:4-648,8388608,W,18358064,16,45000.246833
f2fs_ckpt-254:4-648,8388608,W,18362192,8,45000.24689
f2fs_ckpt-254:4-648,8388608,W,18366440,8,45000.246951
f2fs_ckpt-254:4-648,8388608,W,18366472,8,45000.246981
f2fs_ckpt-254:4-648,8388608,W,18370560,8,45000.24782
f2fs_ckpt-254:4-648,8388608,W,18846224,8,45000.247929
f2fs_ckpt-254:4-648,8388608,W,18970800,8,45000.247988
f2fs_ckpt-254:4-648,8388608,W,18329392,24,45000.259963
kworker/u17:0-5814,8388608,W,18329392,24,45000.260971
kworker/0:0H-5,8388608,W,18329416,8,45000.262591
android.bg-1692,8388608,W,26272816,16,45000.315129
kworker/u17:0-5814,8388608,W,26272816,16,45000.316506
f2fs_ckpt-254:4-648,8388608,W,26272832,8,45000.317325
f2fs_ckpt-254:4-648,8388608,W,26272840,8,45000.317569
f2fs_ckpt-254:4-648,8388608,W,26272848,8,45000.317694
kworker/2:1H-225,8388608,W,26261272,16,45000.318137
kworker/0:0H-5,8388608,W,44669824,48,45000.318316
f2fs_ckpt-254:4-648,8388608,W,18365568,8,45000.32084
f2fs_ckpt-254:4-648,8388608,W,18370568,8,45000.320952
f2fs_ckpt-254:4-648,8388608,W,18362160,16,45000.320981
f2fs_ckpt-254:4-648,8388608,W,18361456,8,45000.32101
f2fs_ckpt-254:4-648,8388608,W,18346672,8,45000.321036
f2fs_ckpt-254:4-648,8388608,W,18333728,16,45000.321063
f2fs_ckpt-254:4-648,8388608,W,18846224,8,45000.32109
f2fs_ckpt-254:4-648,8388608,W,18325296,24,45000.32268
kworker/0:0H-5,8388608,W,18325320,8,45000.323757
android.bg-1692,8388608,W,26272856,32,45000.403147
kworker/u17:0-5814,8388608,W,26272856,32,45000.404319
kworker/2:1H-225,8388608,W,44669872,8,45000.404921
f2fs_ckpt-254:4-648,8388608,W,26272888,8,45000.409577
f2fs_ckpt-254:4-648,8388608,W,26272896,8,45000.409728
f2fs_ckpt-254:4-648,8388608,W,26272904,8,45000.409892
kworker/2:1H-225,8388608,W,26261288,8,45000.410305
kworker/2:1H-225,8388608,W,44669880,48,45000.410453
f2fs_ckpt-254:4-648,8388608,W,18334384,8,45000.411243
f2fs_ckpt-254:4-648,8388608,W,18334496,8,45000.411326
f2fs_ckpt-254:4-648,8388608,W,18346016,16,45000.411433
f2fs_ckpt-254:4-648,8388608,W,18358064,8,45000.411456
f2fs_ckpt-254:4-648,8388608,W,18366472,8,45000.411478
f2fs_ckpt-254:4-648,8388608,W,18370376,8,45000.411497
f2fs_ckpt-254:4-648,8388608,W,18846224,8,45000.411515
f2fs_ckpt-254:4-648,8388608,W,18329392,24,45000.411666
kworker/5:1H-437,8388608,W,18329416,8,45000.412475
f2fs_ckpt-254:4-648,8388608,W,26272912,8,45000.417176
f2fs_ckpt-254:4-648,8388608,W,26272920,8,45000.417242
f2fs_ckpt-254:4-648,8388608,W,26272928,8,45000.417295
kworker/5:1H-437,8388608,W,26261296,8,45000.417421
kworker/5:1H-437,8388608,W,44669928,40,45000.417494
f2fs_ckpt-254:4-648,8388608,W,18333728,16,45000.41799
f2fs_ckpt-254:4-648,8388608,W,18346672,8,45000.418034
f2fs_ckpt-254:4-648,8388608,W,18346784,8,45000.418044
f2fs_ckpt-254:4-648,8388608,W,18358072,8,45000.418055
f2fs_ckpt-254:4-648,8388608,W,18362160,8,45000.418064
f2fs_ckpt-254:4-648,8388608,W,18362240,8,45000.418073
f2fs_ckpt-254:4-648,8388608,W,18370536,8,45000.418083
f2fs_ckpt-254:4-648,8388608,W,18846224,8,45000.418092
f2fs_ckpt-254:4-648,8388608,W,18325296,24,45000.418206
kworker/5:1H-437,8388608,W,18325320,8,45000.418935
android.bg-1692,8388608,W,26272936,8,45000.426826
kworker/u17:0-5814,8388608,W,26272936,8,45000.42789
kworker/0:0H-5,8388608,W,44669968,8,45000.428441
android.bg-1692,8388608,W,93934016,936,45000.618198
kworker/u17:0-5814,8388608,W,93934016,936,45000.619566
kworker/0:0H-5,8388608,W,44669976,8,45000.62399
android.bg-1692,8388608,W,26272944,88,45000.630632
kworker/0:0H-5,8388608,W,44669984,8,45000.631191
kworker/7:1H-91,8388608,W,44669992,8,45006.437855
kworker/u17:0-5814,8388608,W,44669992,8,45006.438671
pool-14-thread--6062,8388608,W,26273032,8,45006.441078
kworker/6:1H-422,8388608,W,44670000,8,45006.441238
kworker/6:1H-422,8388608,W,44670008,8,45006.453711
kworker/u17:0-5814,8388608,W,44670008,8,45006.454529
pool-14-thread--6062,8388608,W,26273040,8,45006.454786
kworker/5:1H-437,8388608,W,44670016,8,45006.454959
kworker/5:1H-437,8388608,W,44670024,8,45006.457754
pool-14-thread--6062,8388608,W,26273048,8,45006.457924
kworker/6:1H-422,8388608,W,44670032,8,45006.458073
kworker/6:1H-422,8388608,W,44670040,8,45006.459935
pool-14-thread--6062,8388608,W,26273056,8,45006.460054
kworker/6:1H-422,8388608,W,44670048,8,45006.460178
kworker/6:1H-422,8388608,W,44670056,8,45006.462042
pool-14-thread--6062,8388608,W,26273064,8,45006.462168
kworker/6:1H-422,8388608,W,44670064,8,45006.462284
kworker/4:1H-218,8388608,W,44670072,8,45006.464322
pool-14-thread--6062,8388608,W,26273072,8,45006.464483
kworker/6:1H-422,8388608,W,44670080,8,45006.464608
kworker/6:1H-422,8388608,W,44670088,8,45006.466239
pool-14-thread--6062,8388608,W,26273080,8,45006.466586
kworker/6:1H-422,8388608,W,44670096,8,45006.466746
Thread-5-4340,8388608,W,76989464,16,45006.476671
kworker/u17:0-5814,8388608,W,76989464,16,45006.477513
kworker/u17:0-5814,8388608,W,104654960,48,45006.477554
kworker/u17:0-5814,8388608,W,143225824,32,45006.477568
kworker/u17:0-5814,8388608,W,147814880,8,45006.477579
kworker/u17:0-5814,8388608,W,20057912,8,45006.477587
kworker/u17:0-5814,8388608,W,20780744,8,45006.477596
kworker/u17:0-5814,8388608,W,26272032,8,45006.477605
Thread-5-4340,8388608,W,33258992,8,45006.477893
Thread-5-4340,8388608,W,33259080,8,45006.477911
Thread-5-4340,8388608,W,33518208,8,45006.477919
Thread-5-4340,8388608,W,34346912,8,45006.477924
Thread-5-4340,8388608,W,44636744,8,45006.477928
Thread-5-4340,8388608,W,76989488,8,45006.477932
Thread-5-4340,8388608,W,142365952,8,45006.477945
Thread-5-4340,8388608,W,147814744,8,45006.477949
Thread-5-4340,8388608,W,147814760,8,45006.477953
Thread-5-4340,8388608,W,147815000,8,45006.47796
Thread-5-4340,8388608,W,147815224,8,45006.477965
Thread-5-4340,8388608,W,147815312,8,45006.477969
Thread-5-4340,8388608,W,154402968,8,45006.477972
Thread-5-4340,8388608,W,154403016,8,45006.477976
Thread-5-4340,8388608,W,20735832,8,45006.477985
kworker/4:1H-218,8388608,W,44670104,8,45006.47811
Thread-3-3028,8388608,W,45151608,8,45006.484411
kworker/4:1H-218,8388608,W,44670112,8,45006.488918
pool-14-thread--6062,8388608,W,26273088,8,45006.489197
kworker/4:1H-218,8388608,W,44670120,8,45006.489353
queued-work-loo-6077,8388608,W,26273096,8,45006.733033
kworker/u17:0-5814,8388608,W,26273096,8,45006.73408
kworker/0:0H-5,8388608,W,44670128,8,45006.73653
Thread-15-6069,8388608,W,26273104,8,45006.748682
kworker/u17:0-5814,8388608,W,26273104,8,45006.749567
kworker/5:1H-437,8388608,W,44670136,8,45006.749809
Thread-15-6069,8388608,W,26273112,8,45006.750753
kworker/7:1H-91,8388608,W,44670144,8,45006.751009
Thread-15-6069,8388608,W,26273120,8,45006.801637
<...>-5814,8388608,W,26273120,8,45006.80278
<...>-5814,8388608,W,26273128,8,45006.8028
kworker/6:1H-422,8388608,W,44670152,8,45006.803007
kworker/2:1H-225,8388608,W,44670160,8,45006.803237
Thread-17-6076,8388608,W,26273136,8,45006.804071
kworker/7:1H-91,8388608,W,44670168,8,45006.804296
Thread-19-6083,8388608,W,26273144,8,45006.823226
kworker/u17:0-5814,8388608,W,26273144,8,45006.824165
kworker/7:1H-91,8388608,W,44670176,8,45006.824369
Thread-19-6083,8388608,W,26273152,8,45006.824834
kworker/6:1H-422,8388608,W,44670184,8,45006.824962
Thread-21-6089,8388608,W,26273160,8,45006.827005
kworker/7:1H-91,8388608,W,44670192,8,45006.827142
Thread-21-6089,8388608,W,26273168,8,45006.827506
kworker/7:1H-91,8388608,W,44670200,8,45006.827634
android.bg-1692,8388608,W,26273176,96,45006.905789
kworker/u17:0-5814,8388608,W,26273176,96,45006.906652
kworker/0:0H-5,8388608,W,44670208,8,45006.907038
Thread-15-6069,8388608,W,26273280,8,45007.556745
kworker/4:1H-218,8388608,W,26273272,8,45007.556749
kworker/u17:0-5814,8388608,W,26273296,8,45007.55753
kworker/u17:0-5814,8388608,W,26273280,8,45007.557551
kworker/u17:0-5814,8388608,W,26273272,8,45007.557556
kworker/u17:0-5814,8388608,W,26273288,8,45007.557559
kworker/4:1H-218,8388608,W,44670216,32,45007.560009
Thread-19-6083,8388608,W,26273304,8,45007.804578
Thread-21-6089,8388608,W,26273312,8,45007.804599
kworker/u17:0-5814,8388608,W,26273312,8,45007.805645
kworker/u17:0-5814,8388608,W,26273304,8,45007.805665
kworker/u17:0-5814,8388608,W,26273320,8,45007.805671
kworker/u17:0-5814,8388608,W,44637016,8,45007.805679
kworker/u17:0-5814,8388608,W,26273328,8,45007.805684
kworker/7:1H-91,8388608,W,44670248,8,45007.80804
kworker/7:1H-91,8388608,W,44670256,24,45007.808062
kworker/5:1H-437,8388608,W,44670280,8,45007.808122
Thread-21-6089,8388608,W,26273336,8,45007.80914
Thread-15-6069,8388608,W,26273344,8,45007.809185
Thread-15-6069,8388608,W,26273352,8,45007.809193
Thread-17-6076,8388608,W,26273360,8,45007.809264
kworker/7:1H-91,8388608,W,44670288,8,45007.80931
kworker/7:1H-91,8388608,W,44670296,24,45007.809423
statsSaveQueue-6094,8388608,W,44637024,8,45007.809655
kworker/5:1H-437,8388608,W,44670320,8,45007.809996
statsSaveQueue-6094,8388608,W,44637040,8,45007.810739
kworker/7:1H-91,8388608,W,44670328,8,45007.810893
statsSaveQueue-6094,8388608,W,44636992,8,45007.811425
kworker/7:1H-91,8388608,W,44670336,8,45007.811553
queued-work-loo-6077,8388608,W,26273368,8,45008.8884
kworker/u17:0-5814,8388608,W,26273368,8,45008.889184
kworker/6:1H-422,8388608,W,44670344,8,45008.891544
LazyTaskWriterT-2866,8388608,W,26273376,8,45009.769108
kworker/u17:0-5814,8388608,W,26273376,8,45009.770084
kworker/5:1H-437,8388608,W,44670352,8,45009.772425
PowerStatsServi-2768,8388608,W,26273384,64,45019.931903
kworker/u17:2-5642,8388608,W,26273384,64,45019.933293
kworker/1:1H-228,8388608,W,44670360,8,45019.936072
PowerStatsServi-2768,8388608,W,26273448,24,45019.940431
kworker/4:1H-218,8388608,W,44670368,8,45019.94064
Thread-15-6069,8388608,W,26273472,8,45024.269304
kworker/u17:2-5642,8388608,W,26273472,8,45024.270462
kworker/3:1H-227,8388608,W,44670376,8,45024.273125
statsSaveQueue-6094,8388608,W,44636992,8,45024.277181
kworker/6:1H-422,8388608,W,44670384,8,45024.277605
Thread-15-6069,8388608,W,26273480,8,45024.596662
kworker/u17:2-5642,8388608,W,26273480,8,45024.597523
kworker/3:1H-227,8388608,W,44670392,8,45024.600073
kworker/u16:7-5621,8388608,W,93909640,728,45032.444588
kworker/u17:2-5642,8388608,W,93909640,728,45032.446187
kworker/u17:2-5642,8388608,W,26273488,120,45032.446275
kworker/u16:7-5621,8388608,W,26273608,64,45037.564224
kworker/u17:2-5642,8388608,W,26273608,64,45037.565315
kworker/u17:2-5642,8388608,W,26273672,64,45037.565391
kworker/u17:2-5642,8388608,W,26273736,400,45037.565416
kworker/u17:2-5642,8388608,W,26274144,64,45037.565455
kworker/u16:7-5621,8388608,W,26274136,8,45037.565463
kworker/u17:2-5642,8388608,W,26274208,64,45037.565474
kworker/u17:2-5642,8388608,W,26274272,64,45037.565487
kworker/u17:2-5642,8388608,W,26274336,8,45037.565497
TaskSnapshotPer-1927,8388608,W,26274344,8,45038.83818
kworker/u17:2-5642,8388608,W,26274344,8,45038.839105
kworker/4:1H-218,8388608,W,44670400,8,45038.841521
kworker/1:1H-228,8388608,W,26274352,8,45039.846736
kworker/u17:2-5642,8388608,W,26274352,8,45039.847991
kworker/u17:2-5642,8388608,W,26274360,8,45039.848133
kworker/0:0H-5,8388608,W,44670408,8,45039.852185
LazyTaskWriterT-2866,8388608,W,26274368,8,45041.853551
kworker/u17:2-5642,8388608,W,26274368,8,45041.855518
kworker/3:1H-227,8388608,W,44670416,8,45041.858581
kworker/u16:1-5374,8388608,W,26274376,8,45042.684937
kworker/u17:2-5642,8388608,W,26274376,8,45042.686602
kworker/7:1H-91,8388608,W,44670424,8,45047.225431
kworker/u17:2-5642,8388608,W,44670424,8,45047.226233
pool-14-thread--6218,8388608,W,26274384,8,45047.228672
kworker/5:1H-437,8388608,W,44670432,8,45047.22885
kworker/6:1H-422,8388608,W,44670440,8,45047.244743
kworker/u17:2-5642,8388608,W,44670440,8,45047.245515
pool-14-thread--6218,8388608,W,26274392,8,45047.245737
kworker/6:1H-422,8388608,W,44670448,8,45047.245859
kworker/4:1H-218,8388608,W,44670456,8,45047.248255
pool-14-thread--6218,8388608,W,26274400,8,45047.248415
kworker/6:1H-422,8388608,W,44670464,8,45047.248543
kworker/3:1H-227,8388608,W,44670472,8,45047.252657
pool-14-thread--6218,8388608,W,26274408,8,45047.253256
kworker/1:1H-228,8388608,W,44670480,8,45047.253557
kworker/6:1H-422,8388608,W,44670488,8,45047.255789
pool-14-thread--6218,8388608,W,26274416,8,45047.255923
kworker/6:1H-422,8388608,W,44670496,8,45047.256039
kworker/6:1H-422,8388608,W,44670504,8,45047.257829
pool-14-thread--6218,8388608,W,26274424,8,45047.257955
kworker/6:1H-422,8388608,W,44670512,8,45047.258075
kworker/7:1H-91,8388608,W,44670520,8,45047.260271
pool-14-thread--6218,8388608,W,26274432,8,45047.260424
kworker/7:1H-91,8388608,W,44670528,8,45047.260571
kworker/6:1H-422,8388608,W,44670536,8,45047.281104
kworker/u17:2-5642,8388608,W,44670536,8,45047.282026
pool-14-thread--6218,8388608,W,26274440,8,45047.282596
kworker/6:1H-422,8388608,W,44670544,8,45047.282877
Thread-3-3028,8388608,W,26271648,392,45047.30329
kworker/u17:2-5642,8388608,W,26271648,392,45047.304285
kworker/u17:2-5642,8388608,W,26274128,8,45047.304308
kworker/u17:2-5642,8388608,W,76989464,16,45047.304315
kworker/u17:2-5642,8388608,W,104654960,48,45047.304321
kworker/u17:2-5642,8388608,W,143225824,24,45047.304325
kworker/u17:2-5642,8388608,W,20057912,8,45047.304332
kworker/u17:2-5642,8388608,W,20780744,8,45047.304336
kworker/5:1H-437,8388608,W,44670552,8,45047.304703
Thread-3-3028,8388608,W,76989488,8,45047.305352
Thread-3-3028,8388608,W,142365952,8,45047.305367
Thread-3-3028,8388608,W,147814744,8,45047.305371
Thread-3-3028,8388608,W,147814760,8,45047.305377
Thread-3-3028,8388608,W,147815000,8,45047.305381
Thread-3-3028,8388608,W,147815224,8,45047.305386
Thread-3-3028,8388608,W,147815312,8,45047.305389
Thread-3-3028,8388608,W,154402968,8,45047.305393
Thread-3-3028,8388608,W,154403016,8,45047.305396
Thread-3-3028,8388608,W,20735832,8,45047.305399
Thread-3-3028,8388608,W,33258992,8,45047.305404
Thread-3-3028,8388608,W,33259080,8,45047.305409
Thread-3-3028,8388608,W,33518208,8,45047.305413
Thread-3-3028,8388608,W,34346912,8,45047.305416
Thread-3-3028,8388608,W,44636744,8,45047.30542
kworker/5:1H-437,8388608,W,44670560,8,45047.305934
Thread-3-3028,8388608,W,26273736,8,45047.307008
Thread-15-6225,8388608,W,26274448,8,45047.523978
kworker/u17:2-5642,8388608,W,26274448,8,45047.526066
queued-work-loo-6235,8388608,W,26274456,8,45047.5266
kworker/7:1H-91,8388608,W,44670568,8,45047.52844
kworker/6:1H-422,8388608,W,44670576,8,45047.528535
Thread-15-6225,8388608,W,26274464,8,45047.5289
kworker/5:1H-437,8388608,W,44670584,8,45047.52903
Thread-15-6225,8388608,W,26274472,8,45047.546925
kworker/u17:2-5642,8388608,W,26274472,8,45047.547732
kworker/6:1H-422,8388608,W,44670592,8,45047.547929
Thread-21-6246,8388608,W,26274480,8,45047.774186
kworker/u17:2-5642,8388608,W,26274480,8,45047.775013
kworker/7:1H-91,8388608,W,44670600,8,45047.777271
Thread-21-6246,8388608,W,26274488,8,45047.777681
kworker/7:1H-91,8388608,W,44670608,8,45047.7778
Thread-19-6239,8388608,W,26274496,8,45047.784569
Thread-17-6232,8388608,W,26274504,8,45047.78462
kworker/u17:2-5642,8388608,W,26274496,8,45047.785421
kworker/u17:2-5642,8388608,W,26274504,8,45047.785445
kworker/6:1H-422,8388608,W,44670616,8,45047.785644
kworker/6:1H-422,8388608,W,44670624,8,45047.785682
Thread-19-6239,8388608,W,26274512,8,45047.786331
Thread-17-6232,8388608,W,26274520,8,45047.786337
kworker/7:1H-91,8388608,W,44670632,8,45047.78648
kworker/7:1H-91,8388608,W,44670640,8,45047.786508
Thread-17-6232,8388608,W,26274528,8,45048.35407
Thread-19-6239,8388608,W,26274544,8,45048.354074
kworker/u17:2-5642,8388608,W,26274544,8,45048.354879
kworker/u17:2-5642,8388608,W,26274528,8,45048.3549
kworker/u17:2-5642,8388608,W,26274536,8,45048.354906
kworker/u17:2-5642,8388608,W,26274552,8,45048.354912
kworker/7:1H-91,8388608,W,44670648,16,45048.357162
kworker/4:1H-218,8388608,W,44670664,16,45048.357375
kworker/7:1H-91,8388608,W,26274568,8,45048.541728
Thread-21-6246,8388608,W,26274560,8,45048.541732
Thread-19-6239,8388608,W,26274576,8,45048.541749
kworker/u17:2-5642,8388608,W,26274576,8,45048.542563
kworker/u17:2-5642,8388608,W,26274560,8,45048.542597
kworker/u17:2-5642,8388608,W,26274568,8,45048.542608
kworker/u17:2-5642,8388608,W,44637024,8,45048.54262
kworker/5:1H-437,8388608,W,44670680,8,45048.544964
kworker/5:1H-437,8388608,W,44670688,16,45048.545008
kworker/0:0H-5,8388608,W,44670704,8,45048.545149
statsSaveQueue-6253,8388608,W,44636992,8,45048.545495
kworker/7:1H-91,8388608,W,44670712,8,45048.545633
Thread-15-6225,8388608,W,26274584,8,45048.545798
Thread-19-6239,8388608,W,26274592,8,45048.546125
kworker/7:1H-91,8388608,W,44670720,8,45048.546298
kworker/7:1H-91,8388608,W,44670728,8,45048.546312
statsSaveQueue-6253,8388608,W,44637016,8,45048.546585
kworker/0:0H-5,8388608,W,44670736,8,45048.546991
Thread-21-6246,8388608,W,26274600,8,45048.54704
Thread-17-6232,8388608,W,26274608,8,45048.547082
kworker/7:1H-91,8388608,W,44670744,8,45048.547141
kworker/4:1H-218,8388608,W,44670752,8,45048.547563
statsSaveQueue-6253,8388608,W,44637040,8,45048.547748
kworker/1:1H-228,8388608,W,44670760,8,45048.548231
Thread-17-6232,8388608,W,26274616,8,45048.548535
kworker/6:1H-422,8388608,W,26275632,8,45048.548839
queued-work-loo-6235,8388608,W,26274624,8,45049.119582
kworker/u17:2-5642,8388608,W,26274624,8,45049.120391
kworker/7:1H-91,8388608,W,26275640,8,45049.122705
LazyTaskWriterT-2866,8388608,W,26274632,8,45050.048888
kworker/u17:2-5642,8388608,W,26274632,8,45050.050134
kworker/5:1H-437,8388608,W,26275648,8,45050.052331
LazyTaskWriterT-2866,8388608,W,26274640,8,45050.55925
kworker/u17:2-5642,8388608,W,26274640,8,45050.560328
kworker/4:1H-218,8388608,W,26275656,8,45050.5629
kworker/u16:1-5374,8388608,W,26274648,24,45052.923953
kworker/u17:2-5642,8388608,W,26274648,24,45052.925035
Thread-15-6225,8388608,W,26274672,8,45058.095628
kworker/u17:0-5814,8388608,W,26274672,8,45058.096702
kworker/5:1H-437,8388608,W,26275664,8,45058.099242
statsSaveQueue-6253,8388608,W,44636992,8,45058.103063
kworker/4:1H-218,8388608,W,26275672,8,45058.103436
Thread-15-6225,8388608,W,26274680,8,45058.245052
kworker/u17:0-5814,8388608,W,26274680,8,45058.246014
kworker/4:1H-218,8388608,W,26275680,8,45058.249517
egram.messenger-6158,8388608,W,26274688,8,45063.013027
kworker/u17:2-5642,8388608,W,26274688,8,45063.013868
kworker/6:1H-422,8388608,W,26275688,8,45063.014277
queued-work-loo-6235,8388608,W,26274696,8,45063.114837
kworker/5:1H-437,8388608,W,26275696,8,45063.115262
queued-work-loo-6235,8388608,W,26274704,8,45063.118215
kworker/5:1H-437,8388608,W,26275704,8,45063.118601
kworker/u16:1-5374,8388608,W,26274712,32,45063.163553
kworker/u17:2-5642,8388608,W,26274712,32,45063.164338
kworker/u17:2-5642,8388608,W,93910368,464,45063.164357
TaskSnapshotPer-1927,8388608,W,26274744,8,45063.576228
kworker/u17:2-5642,8388608,W,26274744,8,45063.57734
kworker/5:1H-437,8388608,W,26275712,8,45063.579958
egram.messenger-6158,8388608,W,26274752,8,45063.617116
kworker/u17:2-5642,8388608,W,26274752,8,45063.617997
kworker/3:1H-227,8388608,W,26275720,8,45063.618443
TaskSnapshotPer-1927,8388608,W,26274760,8,45065.616291
kworker/u17:1-6309,8388608,W,26274760,8,45065.617095
kworker/5:1H-437,8388608,W,26275728,8,45065.617499
statsSaveQueue-6253,8388608,W,44636992,8,45066.238858
kworker/u17:1-6309,8388608,W,44636992,8,45066.240308
kworker/6:1H-422,8388608,W,26275736,8,45066.242547
LazyTaskWriterT-2866,8388608,W,26274768,8,45067.008266
kworker/u17:1-6309,8388608,W,26274768,8,45067.009246
kworker/5:1H-437,8388608,W,26275744,8,45067.01154
LazyTaskWriterT-2866,8388608,W,26274776,8,45067.514676
kworker/u17:1-6309,8388608,W,26274776,8,45067.515645
kworker/0:0H-5,8388608,W,26275752,8,45067.518208
kworker/u16:1-5374,8388608,W,26274824,120,45068.287932
kworker/u17:1-6309,8388608,W,26274824,120,45068.289503
kworker/u17:1-6309,8388608,W,26274816,8,45068.289592
kworker/u17:1-6309,8388608,W,26274808,8,45068.289606
kworker/u17:1-6309,8388608,W,26274800,8,45068.289624
kworker/u17:1-6309,8388608,W,26274792,8,45068.289632
kworker/u17:1-6309,8388608,W,26274784,8,45068.289641
dmd-1151,8388608,W,93934952,1024,45069.063775
kworker/u17:1-6309,8388608,W,93934952,1024,45069.065406
kworker/u17:1-6309,8388608,W,93935976,1024,45069.065496
kworker/u17:1-6309,8388608,W,93937000,1024,45069.065523
kworker/u17:1-6309,8388608,W,93938024,1024,45069.065543
kworker/u17:1-6309,8388608,W,93939048,8,45069.065559
kworker/1:1H-228,8388608,W,26275760,16,45069.074627
kworker/u16:1-5374,8388608,W,26274944,8,45073.408103
kworker/u17:1-6309,8388608,W,26274944,8,45073.409133
kworker/u17:1-6309,8388608,W,45577184,232,45073.409278
kworker/u17:1-6309,8388608,W,45577416,96,45073.409362
kworker/u16:1-5374,8388608,W,26274952,64,45078.525605
kworker/u17:1-6309,8388608,W,26274952,64,45078.527575
kworker/u17:1-6309,8388608,W,26275016,64,45078.527767
kworker/u17:1-6309,8388608,W,26275080,24,45078.5278
kworker/u17:1-6309,8388608,W,26275104,8,45078.527826
kworker/u17:1-6309,8388608,W,26275112,64,45078.527851
kworker/u17:1-6309,8388608,W,26275176,64,45078.527876
kworker/u17:1-6309,8388608,W,26275240,64,45078.527904
kworker/u17:1-6309,8388608,W,26275304,48,45078.527994
kworker/5:1H-437,8388608,W,26275352,8,45081.144883
kworker/u17:1-6309,8388608,W,26275352,8,45081.146384
kworker/5:1H-437,8388608,W,26275360,16,45081.147786
kworker/0:0H-5,8388608,W,26275776,8,45081.150257
statsSaveQueue-6253,8388608,W,44636992,8,45086.202752
kworker/u17:1-6309,8388608,W,44636992,8,45086.204655
kworker/6:1H-422,8388608,W,26275784,8,45086.207736
kworker/u16:1-5374,8388608,W,26275376,8,45088.763849
kworker/u17:1-6309,8388608,W,26275376,8,45088.7658
kworker/u16:7-5621,8388608,W,26275384,24,45093.884086
kworker/u17:1-6309,8388608,W,26275384,24,45093.886236
kworker/u17:1-6309,8388608,W,93910832,208,45093.886289
kworker/u16:7-5621,8388608,W,26275408,8,45099.005778
kworker/u17:1-6309,8388608,W,26275408,8,45099.007458
kworker/u17:1-6309,8388608,W,45577512,248,45099.00758
kworker/u17:1-6309,8388608,W,45577760,96,45099.007615
statsSaveQueue-6253,8388608,W,44636992,8,45105.46297
kworker/u17:1-6309,8388608,W,44636992,8,45105.46428
kworker/7:1H-91,8388608,W,26275792,8,45105.467101
statsSaveQueue-6253,8388608,W,44636992,8,45124.695956
kworker/u17:1-6309,8388608,W,44636992,8,45124.697735
kworker/6:1H-422,8388608,W,26275800,8,45124.700197
jbd2/sda1-8-503,8388608,W,11344,48,45126.780299
kworker/u17:1-6309,8388608,W,11344,48,45126.782034
kworker/7:1H-91,8388608,W,11392,8,45126.785571
kworker/u16:7-5621,8388608,W,93911040,40,45129.723665
kworker/u17:1-6309,8388608,W,93911040,40,45129.724857
kworker/u16:7-5621,8388608,W,56,16,45130.748538
kworker/u17:1-6309,8388608,W,56,16,45130.750885
kworker/u17:1-6309,8388608,W,80,8,45130.751014
kworker/u17:1-6309,8388608,W,48,8,45130.751035
kworker/u17:1-6309,8388608,W,106552,8,45130.751049
PowerStatsServi-2768,8388608,W,26275416,64,45139.938402
kworker/u17:1-6309,8388608,W,26275416,64,45139.939386
kworker/6:1H-422,8388608,W,26275808,8,45139.942001
PowerStatsServi-2768,8388608,W,26275480,24,45139.948931
kworker/u17:1-6309,8388608,W,26275480,24,45139.949808
kworker/5:1H-437,8388608,W,26275816,8,45139.950771
statsSaveQueue-6253,8388608,W,44636992,8,45143.955177
kworker/u17:1-6309,8388608,W,44636992,8,45143.956134
kworker/4:1H-218,8388608,W,26275824,8,45143.958627
statsSaveQueue-6253,8388608,W,44636992,8,45152.781222
kworker/u17:1-6309,8388608,W,44636992,8,45152.782201
kworker/0:0H-5,8388608,W,26275832,8,45152.78494
kworker/u16:7-5621,8388608,W,93911080,128,45160.444538
kworker/u17:1-6309,8388608,W,93911080,128,45160.445921
statsSaveQueue-6253,8388608,W,44636992,8,45162.99323
kworker/u17:1-6309,8388608,W,44636992,8,45162.995969
kworker/2:1H-225,8388608,W,26275840,8,45162.999215
kworker/u16:7-5621,8388608,W,26275504,24,45175.8047
kworker/u17:1-6309,8388608,W,26275504,24,45175.805967
statsSaveQueue-6253,8388608,W,44636992,8,45182.263923
kworker/u17:1-6309,8388608,W,44636992,8,45182.265123
kworker/4:1H-218,8388608,W,26275848,8,45182.267917
kworker/u16:7-5621,8388608,W,93911208,432,45191.165157
kworker/u17:1-6309,8388608,W,93911208,432,45191.166683
kworker/u16:7-5621,8388608,W,93911640,8,45196.285766
kworker/u17:1-6309,8388608,W,93911640,8,45196.290173
kworker/u17:1-6309,8388608,W,26275528,104,45196.290561
kworker/u17:1-6309,8388608,W,45584176,16,45196.29064
f2fs_ckpt-254:4-648,8388608,W,45584192,24,45201.405219
kworker/u17:1-6309,8388608,W,45584192,24,45201.40707
kworker/6:1H-422,8388608,W,45584216,56,45201.407497
kworker/6:1H-422,8388608,W,26261304,200,45201.407548
kworker/6:1H-422,8388608,W,26275856,296,45201.407629
f2fs_ckpt-254:4-648,8388608,W,18333488,16,45201.408824
f2fs_ckpt-254:4-648,8388608,W,18334384,8,45201.408891
f2fs_ckpt-254:4-648,8388608,W,18334400,8,45201.40892
f2fs_ckpt-254:4-648,8388608,W,18334752,8,45201.408932
f2fs_ckpt-254:4-648,8388608,W,18336128,16,45201.408942
f2fs_ckpt-254:4-648,8388608,W,18345792,8,45201.408954
f2fs_ckpt-254:4-648,8388608,W,18345816,8,45201.408966
f2fs_ckpt-254:4-648,8388608,W,18346016,16,45201.408979
f2fs_ckpt-254:4-648,8388608,W,18346704,8,45201.40899
f2fs_ckpt-254:4-648,8388608,W,18350064,8,45201.408999
f2fs_ckpt-254:4-648,8388608,W,18358064,8,45201.409011
f2fs_ckpt-254:4-648,8388608,W,18358096,8,45201.409022
f2fs_ckpt-254:4-648,8388608,W,18358112,8,45201.409033
f2fs_ckpt-254:4-648,8388608,W,18358144,8,45201.409044
f2fs_ckpt-254:4-648,8388608,W,18362168,8,45201.409056
f2fs_ckpt-254:4-648,8388608,W,18362216,8,45201.409067
f2fs_ckpt-254:4-648,8388608,W,18366008,8,45201.409077
f2fs_ckpt-254:4-648,8388608,W,18366072,8,45201.409091
f2fs_ckpt-254:4-648,8388608,W,18366440,16,45201.409103
f2fs_ckpt-254:4-648,8388608,W,18366464,8,45201.409114
f2fs_ckpt-254:4-648,8388608,W,18370552,8,45201.409125
f2fs_ckpt-254:4-648,8388608,W,18370568,16,45201.409135
f2fs_ckpt-254:4-648,8388608,W,18838664,8,45201.409146
f2fs_ckpt-254:4-648,8388608,W,18846224,8,45201.409158
f2fs_ckpt-254:4-648,8388608,W,18874592,8,45201.409169
f2fs_ckpt-254:4-648,8388608,W,18970816,8,45201.40918
f2fs_ckpt-254:4-648,8388608,W,18329392,32,45201.409272
kworker/0:0H-5,8388608,W,18329424,8,45201.413558
statsSaveQueue-6253,8388608,W,44636992,8,45201.539143
kworker/u17:1-6309,8388608,W,44636992,8,45201.541016
kworker/2:1H-225,8388608,W,26276152,8,45201.544338
statsSaveQueue-6253,8388608,W,44636992,8,45220.863447
kworker/u17:2-5642,8388608,W,44636992,8,45220.864636
kworker/0:0H-5,8388608,W,26276160,8,45220.867096
